,0,1,article_id,prediction
0,-0.18094215291502597,-1.7986851751294626,0,0
1,-0.04905858843541762,-3.0391690279579886,1,0
2,-0.09873471412699697,-2.364279881565784,2,0
3,-0.1673705120015617,-1.8700636140352238,3,0
4,-0.07524304962873556,-2.62441738277792,4,0
5,-0.1234336712480958,-2.1531334303439977,5,0
6,-0.12581961655783017,-2.135156300334165,6,0
7,-0.18140875839665607,-1.7963360012159046,7,0
8,-0.44889386349017596,-1.017033718151264,8,0
9,-0.5242771509618577,-0.8964467431226211,9,0
10,-0.016784836837421907,-4.095660048999957,10,0
11,-0.013164804437668322,-4.336783521752624,11,0
12,-0.3891891059782761,-1.1319812465983499,12,0
13,-0.1720801556770991,-1.844601455667855,13,0
14,-0.019063830022199416,-3.9694792275484065,14,0
15,-0.13681124488519902,-2.056778933573299,15,0
16,-0.3785833461827896,-1.1546459290872186,16,0
17,-0.6069726551422336,-0.7874540620252541,17,0
18,-0.18925132230448213,-1.7578131699655724,18,0
19,-0.16292298691485713,-1.894833404921226,19,0
20,-0.340298139635636,-1.2432617642958754,20,0
21,-0.2878658494035714,-1.3857432328214723,21,0
22,-0.6580557182610411,-0.7295149777731166,22,0
23,-0.6541116661875459,-0.733768581765018,23,0
24,-0.9126310838486505,-0.5132728509276853,24,1
25,-0.3113011781469103,-1.3186104108736565,25,0
26,-0.351239931657799,-1.2167705679017655,26,0
27,-0.08703614936394409,-2.484634194165107,27,0
28,-0.07316802853158098,-2.651357681320261,28,0
29,-0.18564780229850028,-1.7752922035694976,29,0
30,-0.4081764013543223,-1.0932116563511052,30,0
31,-0.21258479640223074,-1.6528244228415598,31,0
32,-0.22404268545792583,-1.605849438540071,32,0
33,-0.4251661352115655,-1.0603377344342542,33,0
34,-0.5941908330028935,-0.8029822537128696,34,0
35,-0.4500616822046064,-1.0149758623657321,35,0
36,-0.35509963658696436,-1.2076582009322137,36,0
37,-2.2351125560928713,-0.1131464003863949,37,1
38,-1.3610218311535744,-0.29625020350886405,38,1
39,-0.6052937349125336,-0.7894687796328975,39,0
40,-0.45043921499437645,-1.0143120158954129,40,0
41,-0.09194964371673181,-2.432136768657266,41,0
42,-0.430816096819444,-1.0497605060693178,42,0
43,-0.7797849228042246,-0.6134207344387886,43,1
44,-0.5959900082574149,-0.8007697740804992,44,0
45,-0.2200261275759184,-1.6220057092105473,45,0
46,-0.7761741237726177,-0.61648836132667,46,1
47,-0.6001200652263909,-0.795724344130212,47,0
48,-0.5570254572795595,-0.8507621052416309,48,0
49,-0.4227250907297467,-1.0649611290028465,49,0
50,-0.873118937521933,-0.5406783161741227,50,1
51,-0.6438633342127223,-0.7449864073750024,51,0
52,-0.13133524842222613,-2.0949510979091244,52,0
53,-0.8082064674488171,-0.5899710180984871,53,1
54,-0.2598248597667678,-1.474848628630948,54,0
55,-0.48604155545034783,-0.9546580536615047,55,0
56,-0.4833305653901508,-0.9590049358824572,56,0
57,-1.0464895407258874,-0.43258199508247835,57,1
58,-0.7507410096564406,-0.6386905378550731,58,1
59,-0.48539582619428373,-0.9556906544580632,59,0
60,-0.5511466580590992,-0.8587027757805806,60,0
61,-0.052077908283470475,-2.98094039758973,61,0
62,-0.6566258451135116,-0.7310530486448262,62,0
63,-0.0894778992769744,-2.4581689959381117,63,0
64,-0.2166337642906331,-1.635909295232368,64,0
65,-0.013301394958984107,-4.326529690647772,65,0
66,-0.017543759676343702,-4.051816021857611,66,0
67,-0.9594056783427746,-0.4830815985398341,67,1
68,-0.3631673367675017,-1.1889858257409498,68,0
69,-0.15379988781948248,-1.9480174891925435,69,0
70,-0.35959657987108773,-1.1971886671282241,70,0
71,-0.2570211408907838,-1.4843565268456451,71,0
72,-0.7099451643548532,-0.6766267137170822,72,1
73,-2.1894182269204023,-0.11876312821641716,73,1
74,-2.1304352680742094,-0.1264542990358965,74,1
75,-0.47495839243334315,-0.9726254818258288,75,0
76,-1.0833521890488707,-0.41318338224043977,76,1
77,-0.47495839243334315,-0.9726254818258288,77,0
78,-0.40540556171314374,-1.0987313920965265,78,0
79,-1.126794013102527,-0.39166658517687253,79,1
80,-0.026158518058249473,-3.656631151169489,80,0
81,-0.312897032453327,-1.3142535952841246,81,0
82,-0.6393868562351057,-0.7499627033531411,82,0
83,-0.21413902604287893,-1.6462894163232937,83,0
84,-0.4709681101377841,-0.9792238491459837,84,0
85,-0.5448829659550443,-0.867285468317343,85,0
86,-1.5004122001733493,-0.25236409946433697,86,1
87,-0.2008873583227254,-1.703773689863727,87,0
88,-0.6052410999754474,-0.7895320624035135,88,0
89,-0.49719169306210076,-0.9370966260250785,89,0
90,-0.2567715022432359,-1.4852087946262575,90,0
91,-0.23896023343342865,-1.5485601263447335,91,0
92,-0.2466595815823935,-1.5205421404662178,92,0
93,-0.20861637627963842,-1.6697537128350581,93,0
94,-0.12181567873581448,-2.165535828395756,94,0
95,-0.5767848897396883,-0.8248548622275614,95,0
96,-0.22457694350564636,-1.6037248018715902,96,0
97,-0.7420936567815558,-0.6464850842589099,97,1
98,-0.7679353968011632,-0.6235651382641246,98,1
99,-0.6346256618109687,-0.7553075196403607,99,0
100,-1.3042016812181134,-0.31661543927290864,100,1
101,-0.8129163007708906,-0.5862006324418647,101,1
102,-0.24211847377656132,-1.5369459840841757,102,0
103,-0.6562513618092954,-0.7314566240921294,103,0
104,-0.6326754427720526,-0.7575124613831284,104,0
105,-0.502459471798719,-0.9289726779071613,105,0
106,-0.6803250370024319,-0.7061358692599834,106,0
107,-0.14819976233045104,-1.9823790863650077,107,0
108,-0.6562513618092954,-0.7314566240921294,108,0
109,-0.35778468238588723,-1.201388193842393,109,0
110,-1.6895561073200787,-0.2040782656903114,110,1
111,-0.5363896354116766,-0.879129803494073,111,0
112,-2.3914970984252726,-0.09595225453158825,112,1
113,-1.1164833916409929,-0.39664791314713954,113,1
114,-1.4694530576597422,-0.26143135799664297,114,1
115,-0.134180780787965,-2.074907594075635,115,0
116,-1.1068863107698135,-0.40135362853994,116,1
117,-0.2558533955880254,-1.4883513161703104,117,0
118,-0.3074125056304488,-1.3293365138464321,118,0
119,-0.8538527855529758,-0.5547276380491811,119,1
120,-0.8538527855529758,-0.5547276380491811,120,1
121,-0.5261472384154894,-0.8937396753365833,121,0
122,-0.9867826258286004,-0.46644854409147285,122,1
123,-0.9636628106094773,-0.4804467488100331,123,1
124,-2.2902667853836363,-0.10673863042800562,124,1
125,-0.23024455539563507,-1.5815276468329993,125,0
126,-0.6464819048334364,-0.7420971552050025,126,0
127,-0.3081070893005321,-1.3274091171419988,127,0
128,-0.2180495441487577,-1.630077464863501,128,0
129,-0.3898342475219412,-1.1306266459699472,129,0
130,-0.2551303456037398,-1.4908352020691762,130,0
131,-0.02001429813820212,-3.921298812561658,131,0
132,-0.05329269559599773,-2.958484013052165,132,0
133,-0.25412595390455567,-1.4942988435926776,133,0
134,-0.05329269559599773,-2.958484013052165,134,0
135,-0.016588322469855116,-4.107338992581881,135,0
136,-0.06817712151648087,-2.719541128644742,136,0
137,-0.23700872250248692,-1.5558232433513652,137,0
138,-0.3432346685340893,-1.2360542938011354,138,0
139,-0.018648420761155728,-3.99130353443639,139,0
140,-0.3307210417436355,-1.2672873503800524,140,0
141,-0.35580546336978475,-1.2060045371437185,141,0
142,-0.12077851214737409,-2.1735784084470064,142,0
143,-0.02457883880372487,-3.7181336653588857,143,0
144,-0.19247872694934348,-1.7424658113121438,144,0
145,-0.032150890209125586,-3.4533475149263397,145,0
146,-0.16989717104032015,-1.8563080655031965,146,0
147,-0.6016370082758293,-0.7938827673845305,147,0
148,-0.11583296778312788,-2.2129635516814457,148,0
149,-0.5451229876489885,-0.8669542273264789,149,0
150,-0.1614237463304302,-1.9033487811862146,150,0
151,-0.10509187261960722,-2.305006133482795,151,0
152,-0.09707432135147485,-2.3804229432037016,152,0
153,-0.19165324630182654,-1.7463641829860987,153,0
154,-0.04323951310367607,-3.1625424020498714,154,0
155,-0.09225126803184423,-2.4290103140279067,155,0
156,-0.0187354104116959,-3.9866930204262157,156,0
157,-0.28298452706390853,-1.4005208681344232,157,0
158,-0.005103233131265868,-5.2804315242458815,158,0
159,-0.06161255581455652,-2.817537712838595,159,0
160,-0.1495174634116865,-1.9741695080352613,160,0
161,-0.2286727042921905,-1.587622037218669,161,0
162,-0.3815203040420151,-1.1482937938234627,162,0
163,-0.2234529168278383,-1.6082014065624655,163,0
164,-0.1322097421780787,-2.0887423297054486,164,0
165,-0.5352834174609279,-0.8806903255764534,165,0
166,-2.307955892280514,-0.10476553687837586,166,1
167,-0.6703516087627055,-0.71647453633511,167,0
168,-0.16564466810313447,-1.879589677322496,168,0
169,-0.1338296509757478,-2.0773562203381584,169,0
170,-0.37145741102922136,-1.1703071716700346,170,0
171,-0.34706967186674886,-1.2267505436725332,171,0
172,-0.41878803976817264,-1.0724873867143714,172,0
173,-0.1871529724138952,-1.7679464477299238,173,0
174,-0.33980516705716046,-1.24447892019754,174,0
175,-0.33303133859098116,-1.261417371832384,175,0
176,-0.6153534174688174,-0.7775072182927661,176,0
177,-0.49172263761291496,-0.9456473756834759,177,0
178,-0.8759913570138421,-0.53862336812812,178,1
179,-1.5826617445392746,-0.22995113809137147,179,1
180,-0.3350262812771502,-1.2563870305864469,180,0
181,-0.6354571136066177,-0.7543702501847415,181,0
182,-0.7343605858212654,-0.653565301112102,182,1
183,-0.4992238946434517,-0.9339496725216802,183,0
184,-0.2796970392079139,-1.4106393049928725,184,0
185,-1.709894132792199,-0.19953071828964716,185,1
186,-0.792825050870376,-0.6025105776349661,186,1
187,-0.2197996762706847,-1.6229263620572905,187,0
188,-0.08751132527318196,-2.4794236522966764,188,0
189,-0.2606011063806139,-1.472236816007103,189,0
190,-0.3485619715969586,-1.2231630317813633,190,0
191,-0.4927272602342241,-0.9440676606422463,191,0
192,-0.33462157667816195,-1.2574046581660705,192,0
193,-0.21509268055113076,-1.6423056517951864,193,0
194,-0.07582275166185568,-2.6170287194240083,194,0
195,-0.2962590761439941,-1.3609960993901147,195,0
196,-0.0403266172953631,-3.2308390989864963,196,0
197,-0.22780978541112856,-1.5909877124303906,197,0
198,-0.2863103866385093,-1.3904207439532348,198,0
199,-0.28728782434149325,-1.387478038898972,199,0
200,-0.20285601007975632,-1.6949728475018975,200,0
201,-0.6728617573927119,-0.713852637382222,201,0
202,-0.252982442335586,-1.4982611609925036,202,0
203,-0.9004530503247382,-0.5215251685306578,203,1
204,-1.2049062427601291,-0.3562751654681987,204,1
205,-0.6575603300166357,-0.7300473350930983,205,0
206,-0.11280946562612407,-2.2379295683675253,206,0
207,-0.4935428935657577,-0.9427881183900491,207,0
208,-0.2669919414887496,-1.4510643401897114,208,0
209,-0.41517667340945924,-1.0794676025952783,209,0
210,-0.21382105532856602,-1.6476220799200867,210,0
211,-0.18746450955997118,-1.7664341279398417,211,0
212,-0.820267347779456,-0.5803792271116213,212,1
213,-0.5003332567236062,-0.9322386337510219,213,0
214,-0.5193396560280168,-0.9036540759904523,214,0
215,-0.22166101741758004,-1.6153901253320122,215,0
216,-0.331914638324538,-1.264248677296755,216,0
217,-0.046597544923976414,-3.089415725239163,217,0
218,-0.22166101741758004,-1.6153901253320122,218,0
219,-0.44436226008620616,-1.025082364850002,219,0
220,-0.002010087849645772,-6.2105817271474075,220,0
221,-0.14334866153672285,-2.0132936994481514,221,0
222,-0.011383864360428977,-4.481244865700316,222,0
223,-0.34379232366785806,-1.2346938024251823,223,0
224,-1.3631165217771934,-0.29552895646987054,224,1
225,-0.8054181941875306,-0.5922182628807927,225,1
226,-0.07942958511892333,-2.5723363005006847,226,0
227,-0.595779491262121,-0.8010281926467826,227,0
228,-0.8054181941875306,-0.5922182628807927,228,1
229,-0.23027808965835592,-1.5813981353884832,229,0
230,-0.22276702501613402,-1.6109454369503913,230,0
231,-0.47804311725628595,-0.9675720892338902,231,0
232,-0.6277388869482913,-0.7631350049465317,232,0
233,-0.5640057652453437,-0.8414743759100474,233,0
234,-0.20012230910556558,-1.7072195591637753,234,0
235,-0.09405493974066145,-2.4105351020048387,235,0
236,-0.1798640781521954,-1.8041382750641892,236,0
237,-0.021322352549820404,-3.8586415739338196,237,0
238,-0.15487325979845165,-1.941585599574507,238,0
239,-0.40368583404311925,-1.1021803625041027,239,0
240,-0.6093244880471544,-0.7846443120555052,240,0
241,-0.8641591931942554,-0.5471537802196712,241,1
242,-0.04608499110318457,-3.1002219589396924,242,0
243,-0.039549139560239054,-3.2499207391125537,243,0
244,-0.11474330307654157,-2.221880920047922,244,0
245,-0.030053536014566434,-3.519764088220872,245,0
246,-0.7959858199896107,-0.5999050950159684,246,1
247,-0.04354438514095606,-3.155667702111374,247,0
248,-0.6226699374484354,-0.7689706315943121,248,0
249,-0.389821875296122,-1.1306525984108733,249,0
250,-0.030072038179392878,-3.519157842183653,250,0
251,-0.03537257098581875,-3.359452742008839,251,0
252,-0.07487158588593495,-2.629183051857247,252,0
253,-0.19355249147794076,-1.737422321979003,253,0
254,-0.23633867040116868,-1.5583325441478224,254,0
255,-0.2717739056654164,-1.435596088398603,255,0
256,-0.6877762285310247,-0.6985471355582173,256,0
257,-0.2518726450414537,-1.5021260883644851,257,0
258,-0.25431976631230624,-1.49362927614492,258,0
259,-0.28994780428010675,-1.3795278049979203,259,0
260,-0.6607584743628424,-0.7266201302409836,260,0
261,-0.13324079995940707,-2.081478058211416,261,0
262,-0.413141108726587,-1.0834348206344169,262,0
263,-0.26204784920078456,-1.4673925100132679,263,0
264,-0.028431046750071465,-3.5744553789106823,264,0
265,-0.6294464726682646,-0.7611834099139403,265,0
266,-0.03754649019500737,-3.3008898819791384,266,0
267,-0.19306461189673998,-1.7397100764954032,267,0
268,-0.28091604208982235,-1.4068715415744402,268,0
269,-1.0392475965363261,-0.43652355060056225,269,1
270,-0.7438485364016502,-0.6448928819286543,270,1
271,-0.21546386763224296,-1.640760371118055,271,0
272,-0.25782599312372084,-1.4816151360033394,272,0
273,-0.20817361328165135,-1.6716646492603364,273,0
274,-0.18866089608366443,-1.7606519248135457,274,0
275,-0.1254798512806635,-2.1376940428513826,275,0
276,-0.4404818784274341,-1.0320555983089208,276,0
277,-0.04578063983318806,-3.106696981946059,277,0
278,-0.07295033082219872,-2.654229904735241,278,0
279,-0.05056433496662245,-3.009684432184781,279,0
280,-0.11111658505434062,-2.2522192045319467,280,0
281,-0.10747238063688808,-2.2837763623409244,281,0
282,-0.18440714692348736,-1.7813962691735705,282,0
283,-0.5644990038194113,-0.84082377938969,283,0
284,-0.02435628157469354,-3.7271189155662103,284,0
285,-0.1765723244714031,-1.821012141346094,285,0
286,-0.22818973901794207,-1.5895040110582659,286,0
287,-0.06534378713737651,-2.7605869051417793,287,0
288,-0.17317205407036304,-1.8388064623072786,288,0
289,-0.015510691865997751,-4.173971016773125,289,0
290,-0.21924763268443193,-1.6251751663207188,290,0
291,-0.003542751092697214,-5.6446225614119365,291,0
292,-0.16433703056784243,-1.8868793864175077,292,0
293,-0.05416487363107882,-2.9426828653639077,293,0
294,-0.15802290101907288,-1.9229865120197025,294,0
295,-0.4907045013870356,-0.9472525141705027,295,0
296,-0.3091075227521524,-1.3246418748265953,296,0
297,-0.13678177932356064,-2.0569799336117094,297,0
298,-0.14612681829984428,-1.9954542729328408,298,0
299,-0.08741630017410543,-2.480463282824897,299,0
300,-0.10579163317642426,-2.2987133763640637,300,0
301,-1.0230830651743652,-0.445482605215448,301,1
302,-0.6285464261164867,-0.7622111805678068,302,0
303,-0.06020513192346211,-2.8399492255131267,303,0
304,-0.3830171456579896,-1.1450789633855567,304,0
305,-0.4987555756359392,-0.9346734409657572,305,0
306,-0.11593335315957083,-2.2121465114084726,306,0
307,-0.0585607556544283,-2.8668279973003155,307,0
308,-0.019073636612154943,-3.9689698393506005,308,0
309,-0.42198457605392475,-1.0663701581563811,309,0
310,-0.279764878804429,-1.410429128146947,310,0
311,-0.15542700866355702,-1.938286197322492,311,0
312,-0.011273942499254397,-4.490892864980274,312,0
313,-0.09444426383451159,-2.4065959237579793,313,0
314,-0.1905100499571451,-1.751793558926346,314,0
315,-0.1526698733123673,-1.9548413343222744,315,0
316,-0.05643451226486697,-2.9027589454316933,316,0
317,-0.3868552756615338,-1.1369043083013735,317,0
318,-0.016226845109882444,-4.129190753988069,318,0
319,-0.02971152884527744,-3.5310391142896562,319,0
320,-0.09375884596049455,-2.4135424314299003,320,0
321,-0.16864076981330683,-1.8631201265413972,321,0
322,-0.5758525903025734,-0.8260509223183755,322,0
323,-0.18351690920841873,-1.785804046686167,323,0
324,-0.21444477802666112,-1.6450100348424466,324,0
325,-0.035068890683641135,-3.367924049891866,325,0
326,-0.14635889610453454,-1.9939805499101682,326,0
327,-0.14064709119357818,-2.0310008733445772,327,0
328,-0.009133737336086236,-4.700343713978679,328,0
329,-0.15607128908745396,-1.9344633182965032,329,0
330,-0.13531016554778158,-2.0670779439997693,330,0
331,-0.2533119725212356,-1.497117248235806,331,0
332,-0.2020286816964845,-1.6986598724699267,332,0
333,-0.38263742356313857,-1.1458930757278845,333,0
334,-0.06592433134247813,-2.7520287776627117,334,0
335,-0.03490060538721367,-3.3726506546171047,335,0
336,-0.1604840403338321,-1.9087298986231087,336,0
337,-0.07304940135510474,-2.6529217040916664,337,0
338,-0.16188931555661834,-1.9006953044717625,338,0
339,-0.11953110191106443,-2.183348976076481,339,0
340,-0.04878229347031605,-3.044679864716202,340,0
341,-0.7164971184573886,-0.670330045015315,341,1
342,-0.007556669859101627,-4.8891006362930804,342,0
343,-0.6195095849796269,-0.7726413950590677,343,0
344,-0.0975066983125931,-2.376191435058713,344,0
345,-0.19386925697862942,-1.735940345215318,345,0
346,-0.6422184848222966,-0.7468094480662977,346,0
347,-0.2465061061575161,-1.5210909624599853,347,0
348,-0.08981125353998394,-2.454614557180322,348,0
349,-0.5287440457501348,-0.8900010903961755,349,0
350,-0.3914714714296095,-1.12720109371366,350,0
351,-0.20843781007303633,-1.670523851900948,351,0
352,-0.07098319678466701,-2.680593759902466,352,0
353,-0.2921762794012307,-1.3729316715254727,353,0
354,-0.22317198475584124,-1.6093241867514911,354,0
355,-0.03201083333649218,-3.457643613181733,355,0
356,-0.24832371154136001,-1.5146159092240399,356,0
357,-0.43512301388272207,-1.0418115788633806,357,0
358,-0.3149697456406783,-1.3086333942403838,358,0
359,-0.08943807705008083,-2.4585945316991586,359,0
360,-0.6885727086084374,-0.6977426745064416,360,0
361,-0.11655649411202719,-2.2070914476291725,361,0
362,-0.04453356682486412,-3.1336962133256576,362,0
363,-0.10612682833362602,-2.295714576936047,363,0
364,-0.23000169046813826,-1.582466237274709,364,0
365,-0.1603530603291877,-1.90948264802692,365,0
366,-0.04794402486155104,-3.0615973353077575,366,0
367,-0.1927174545177857,-1.7413418341605127,367,0
368,-0.23211914362288807,-1.5743200972663385,368,0
369,-0.23211914362288807,-1.5743200972663385,369,0
370,-0.17268467565404363,-1.8413881782334254,370,0
371,-0.35964077636765457,-1.1970865455087696,371,0
372,-0.06548139481320582,-2.758551270255925,372,0
373,-0.2598785593507691,-1.4746676621747228,373,0
374,-0.013323623037173687,-4.324871065974729,374,0
375,-0.07882887315795609,-2.5796314722797056,375,0
376,-0.29558671091637606,-1.3629485703097306,376,0
377,-0.04302769850949237,-3.1673479287747144,377,0
378,-0.19222891945393866,-1.7436435970115198,378,0
379,-0.03733954208542275,-3.306314082648769,379,0
380,-0.549270650567393,-0.8612599899393973,380,0
381,-0.13054170022284478,-2.1006234649297486,381,0
382,-0.030670021017882618,-3.4997654326232444,382,0
383,-0.17812723804449762,-1.812999077284287,383,0
384,-0.014784246454149505,-4.221576109888409,384,0
385,-0.17389848069729144,-1.8349731236369788,385,0
386,-0.3609291407293711,-1.1941161664432283,386,0
387,-0.09635682329403182,-2.387488650522832,387,0
388,-0.07703441847952824,-2.6017729226579767,388,0
389,-0.5158347572834058,-0.908823766085984,389,0
390,-0.05250478952289684,-2.9729884172331085,390,0
391,-0.1747208876259778,-1.8306542988778667,391,0
392,-0.029318421843169983,-3.5441626244466944,392,0
393,-0.370794357355706,-1.1717827052083878,393,0
394,-0.5763316103589277,-0.8254360627769086,394,0
395,-0.3318106833209601,-1.2645128164952533,395,0
396,-0.0012471950909021367,-6.687481709056724,396,0
397,-0.1612851193635195,-1.904140476652055,397,0
398,-0.04036026908296932,-3.2300216789394787,398,0
399,-0.8258106136407244,-0.5760397457712669,399,1
400,-0.15634111576743068,-1.932867345308364,400,0
401,-0.129632873971353,-2.1071652099733824,401,0
402,-0.002716623463319013,-5.90972354782657,402,0
403,-0.9916227185891705,-0.4635830303944984,403,1
404,-0.5546304288492709,-0.8539839044690206,404,0
405,-0.41212687542980836,-1.0854204312204518,405,0
406,-0.16149134615620922,-1.9029629871131235,406,0
407,-0.16149134615620922,-1.9029629871131235,407,0
408,-0.027663747092115828,-3.601432479174764,408,0
409,-0.42668509016597,-1.0574772122666305,409,0
410,-0.06000840906074529,-2.843124742552238,410,0
411,-0.05117954764512419,-2.9978959235822966,411,0
412,-0.05425274224830515,-2.9411054736136357,412,0
413,-0.10163813476950558,-2.336725146872446,413,0
414,-0.5293389887253851,-0.8891478865311003,414,0
415,-0.1161479377877418,-2.2104025090837585,415,0
416,-0.37607986344918537,-1.160107448096755,416,0
417,-0.19004698741425569,-1.7540029708883356,417,0
418,-0.1857621505902525,-1.7747318566882626,418,0
419,-0.1484700494284288,-1.9806887486563967,419,0
420,-0.052640231984123716,-2.9704792455553077,420,0
421,-0.7763899506461632,-0.6163044247637718,421,1
422,-0.15271980036613306,-1.9545386900227062,422,0
423,-0.8110920165217814,-0.5876572435042381,423,1
424,-0.03453437489360374,-3.3830175725816183,424,0
425,-0.05703215361341072,-2.8925206244177666,425,0
426,-0.2043996731574229,-1.6881376608433398,426,0
427,-0.14348303843293853,-2.0124223085807107,427,0
428,-0.44467717258933,-1.0245197607577845,428,0
429,-0.19490115978884004,-1.7311310331702248,429,0
430,-0.8542597924231085,-0.5544259629584073,430,1
431,-0.33134989544052773,-1.2656848039668978,431,0
432,-0.061687948201883516,-2.8163521168032073,432,0
433,-0.014385167113320557,-4.248741626214978,433,0
434,-0.22343657465564,-1.608266676941115,434,0
435,-0.017281091525759885,-4.066770453223184,435,0
436,-0.36541306802812584,-1.1838759708088449,436,0
437,-0.10944416450643071,-2.2665638206385696,437,0
438,-0.07360634425265612,-2.6456014946151374,438,0
439,-0.06718033184867536,-2.733776878237619,439,0
440,-0.9497502260502095,-0.4891255059361359,440,1
441,-0.48079562321176456,-0.963097445965223,441,0
442,-0.6641524512451874,-0.7230077721132073,442,0
443,-0.2939284666819775,-1.3677859256362492,443,0
444,-0.8923501171635938,-0.5271105001149426,444,1
445,-0.9666522437007132,-0.4786073229176487,445,1
446,-0.4107190406776835,-1.0881865167846352,446,0
447,-1.5467453815809629,-0.2394506489011683,447,1
448,-0.5205635516216942,-0.9018593651341739,448,0
449,-0.02583023895115769,-3.669096740579577,449,0
450,-0.13030960656691642,-2.1022894496814772,450,0
451,-0.6241758461063619,-0.7672303028669104,451,0
452,-0.8180999994287596,-0.5820876220329781,452,1
453,-1.3404007727648073,-0.3034602274425596,453,1
454,-0.5176993003038146,-0.9060680021977532,454,0
455,-0.1486948507133793,-1.9792853932387857,455,0
456,-0.2056207600535627,-1.6827711154032763,456,0
457,-0.14325209488952614,-2.013920444656859,457,0
458,-0.5829627140486947,-0.8169930642377442,458,0
459,-0.2211791683448169,-1.6173342612331278,459,0
460,-0.1289145663705139,-2.1123702923864607,460,0
461,-0.07271026027456336,-2.657407629961306,461,0
462,-0.2598134232867578,-1.4748871748111134,462,0
463,-0.26100896146671,-1.4708680577009423,463,0
464,-0.5402263895064701,-0.8737494303308635,464,0
465,-0.7936384664943902,-0.601838626881773,465,1
466,-0.19624425921388544,-1.7249131607193162,466,0
467,-0.15824582667568302,-1.9216853151112319,467,0
468,-0.05826199858323881,-2.8717947909254975,468,0
469,-0.11945423148110702,-2.1839546128297935,469,0
470,-0.38871899560484463,-1.132970043612478,470,0
471,-1.2837195344330763,-0.3243530444996086,471,1
472,-0.39632765396454744,-1.1171415563977907,472,0
473,-0.1329442675246331,-2.0835610978523427,473,0
474,-0.20696960753123206,-1.676883909719812,474,0
475,-1.2028032198020684,-0.35717661350583074,475,1
476,-0.14974204580362363,-1.9727780789705065,476,0
477,-2.433160806757088,-0.09185107434060914,477,1
478,-1.7122557717496292,-0.19900994920230233,478,1
479,-0.5039568459775144,-0.9266831796965144,479,0
480,-0.20745109275709475,-1.6747926888476221,480,0
481,-0.6632186789607705,-0.7239991050819228,481,0
482,-0.7469904191972605,-0.6420555134448562,482,1
483,-3.3798272462166006,-0.034646660651444346,483,1
484,-0.6020820655259019,-0.7933436374609835,484,0
485,-2.3250469794190916,-0.10289561197475768,485,1
486,-2.3250469794190916,-0.10289561197475768,486,1
487,-2.433160806757088,-0.09185107434060914,487,1
488,-0.1331452191281222,-2.0821489398739144,488,0
489,-0.6861420476135499,-0.7002017317790199,489,0
490,-0.0907265032917713,-2.4449260606589784,490,0
491,-0.28030684857411153,-1.4087521229155928,491,0
492,-0.15358307801096346,-1.9493225422481755,492,0
493,-0.21986874402181447,-1.6226454505732313,493,0
494,-0.062466153683689234,-2.8042009079338137,494,0
495,-0.159760695309188,-1.9128953331099638,495,0
496,-0.15634159635514597,-1.9328645053793634,496,0
497,-0.07483787669200251,-2.6296167356896434,497,0
498,-0.2584951246145266,-1.4793434010790207,498,0
499,-0.0718781329664961,-2.668506998049582,499,0
500,-0.6774002150333046,-0.709146085581709,500,0
501,-0.04237609821631613,-3.182284024998419,501,0
502,-0.3410614095086982,-1.2413813388661186,502,0
503,-0.07467315014603172,-2.631738936480415,503,0
504,-0.007241718780532959,-4.931515374420923,504,0
505,-0.5063996223592188,-0.9229666824518328,505,0
506,-0.569446079045567,-0.8343393435048291,506,0
507,-0.19500602066277178,-1.730643885003395,507,0
508,-0.055490219775112724,-2.9191653086856544,508,0
509,-0.04997633954439213,-3.021089698498298,509,0
510,-0.03848937346149553,-3.276556050939262,510,0
511,-0.6425405249796413,-0.7464520223766731,511,0
512,-0.017578139831091882,-4.049875399303005,512,0
513,-0.5921395200598466,-0.8055156574142641,513,0
514,-0.5773404692890155,-0.8241433104405788,514,0
515,-0.3912369608494712,-1.127690695497913,515,0
516,-1.4822731597605767,-0.2576325417520029,516,1
517,-0.052077914029525794,-2.9809402901020725,517,0
518,-0.09588204936798936,-2.392194492394899,518,0
519,-0.5254975393181868,-0.8946787510741688,519,0
520,-1.6542495005716078,-0.2122475341170142,520,1
521,-0.30222092511381676,-1.343904615369846,521,0
522,-1.1518679450428595,-0.3798644123778876,522,1
523,-0.640368323269402,-0.7488676197512911,523,0
524,-0.5482727880993097,-0.8626248212382712,524,0
525,-0.18056028650680891,-1.8006126544506806,525,0
526,-0.25515200649411823,-1.4907606747983368,526,0
527,-0.2681687707278736,-1.447228497130838,527,0
528,-0.4256484012613023,-1.0594281647722474,528,0
529,-1.1180273414597988,-0.39589713029853335,529,1
530,-0.5364740909420126,-0.8790108344193441,530,0
531,-0.12877864589180443,-2.1133586927538883,531,0
532,-0.0072795013673581715,-4.926330455334569,532,0
533,-0.12397861223476281,-2.148995152684233,533,0
534,-0.16533593577249678,-1.881305128908056,534,0
535,-0.2881957781781083,-1.384754825406995,535,0
536,-0.31468799139635145,-1.309394841145089,536,0
537,-0.07017374568367665,-2.69166273083335,537,0
538,-0.1118285644771018,-2.246181523381105,538,0
539,-0.005285206300116262,-5.245485064653479,539,0
540,-0.35458295369004766,-1.2088712018799053,540,0
541,-0.1672954701275573,-1.8704755973644922,541,0
542,-1.240520781266693,-0.34141138597531995,542,1
543,-0.04157393876270078,-3.2009967341502406,543,0
544,-0.03848116303525924,-3.276765311515157,544,0
545,-0.5089922423730758,-0.9190471218251841,545,0
546,-0.42926408483893624,-1.0526489459683939,546,0
547,-0.7851550086029121,-0.6088961185135713,547,1
548,-0.2544983815087406,-1.4930127222978051,548,0
549,-0.17086270874736934,-1.8511101485637065,549,0
550,-0.07674809696749521,-2.6053553206307822,550,0
551,-0.2500613858310351,-1.5084754514804166,551,0
552,-0.38484389490045723,-1.141176006327258,552,0
553,-0.22003335940359922,-1.6219763251294292,553,0
554,-0.06851470330373978,-2.7147686749230533,554,0
555,-0.04495482621351811,-3.1244903641819834,555,0
556,-0.3271924997723569,-1.2763461973771415,556,0
557,-0.04516567118485414,-3.119915807387837,557,0
558,-0.012005592758946842,-4.428379465314936,558,0
559,-0.09576571822949613,-2.393351265621245,559,0
560,-0.1471528750134454,-1.9889576180842654,560,0
561,-0.19074477414794241,-1.7506758699468967,561,0
562,-0.20776599687743308,-1.6734278797009023,562,0
563,-0.05893521967233504,-2.860639300630878,563,0
564,-0.49438531894104903,-0.9414693551057414,564,0
565,-0.06666519060268222,-2.7412197674811307,565,0
566,-0.2230450680344002,-1.6098319425715675,566,0
567,-0.11159798051882062,-2.2481324477937665,567,0
568,-0.12299960912734945,-2.156443614465748,568,0
569,-0.22760115117575222,-1.5918035969373039,569,0
570,-0.07077493664132012,-2.6834291080770516,570,0
571,-0.45173103210364624,-1.0120457274603483,571,0
572,-0.15003108969232082,-1.9709905737956823,572,0
573,-0.5325608109718682,-0.8845488577895183,573,0
574,-0.8526537230296981,-0.555617632037058,574,1
575,-0.41059083114855005,-1.088438994676973,575,0
576,-0.30018777775280137,-1.349689082778646,576,0
577,-0.2815208573065502,-1.4050090978677188,577,0
578,-0.05151331391181435,-2.991561074002061,578,0
579,-0.1973705994547723,-1.7197347969233927,579,0
580,-0.08854404618149561,-2.4682005295714102,580,0
581,-0.061642107420483955,-2.817072815775125,581,0
582,-0.09564271541316538,-2.394575984485992,582,0
583,-0.17528997737844215,-1.8276787051425551,583,0
584,-0.6740975271394674,-0.7125667820631933,584,0
585,-0.3697393346100667,-1.1741370328047684,585,0
586,-0.1200200901029175,-2.1795060488539,586,0
587,-0.3886663291579056,-1.1330809084063398,587,0
588,-0.3886663291579056,-1.1330809084063398,588,0
589,-0.02694564299138445,-3.6273762336345396,589,0
590,-0.11692959232479573,-2.2040784726510236,590,0
591,-0.3886663291579056,-1.1330809084063398,591,0
592,-0.19224518944992983,-1.7435668364614747,592,0
593,-0.053626419120711,-2.9524068260252956,593,0
594,-0.06609151516139991,-2.749578664556978,594,0
595,-1.1334573221148239,-0.3884875776406379,595,1
596,-0.10264776372384306,-2.3273368181306204,596,0
597,-0.0501346375548757,-3.0180057339747095,597,0
598,-0.0435792075283122,-3.154885607806328,598,0
599,-1.0927134237554352,-0.4084276408163485,599,1
600,-0.2165386165532627,-1.6363027439111446,600,0
601,-0.3170639265928865,-1.3029986004952439,601,0
602,-0.003396082217708593,-5.686830361216198,602,0
603,-0.2597484454452572,-1.4751062164998552,603,0
604,-0.7582717274977783,-0.6320057621993691,604,1
605,-0.07613832570667943,-2.613031148931745,605,0
606,-0.05753036546967386,-2.8840696560291796,606,0
607,-0.20306910337074396,-1.6940258780581823,607,0
608,-0.024404207252749506,-3.7251770216830566,608,0
609,-0.4960237114711111,-0.938912694526604,609,0
610,-0.22438614741645094,-1.6044829111564651,610,0
611,-0.16007960965033802,-1.9110563315242985,611,0
612,-0.418014693243529,-1.073975936253507,612,0
613,-0.1513123277986565,-1.96311155232672,613,0
614,-0.15943342380875383,-1.9147866599534884,614,0
615,-0.9041881451375285,-0.5189761622701762,615,1
616,-0.0249484035188576,-3.703393713661038,616,0
617,-0.1193510069651088,-2.18476853545847,617,0
618,-0.09394155045874321,-2.4116855870558616,618,0
619,-0.795620478012715,-0.6002054863229767,619,1
620,-0.04384098712585766,-3.1490265302114935,620,0
621,-0.05902101674666477,-2.8592270500302304,621,0
622,-0.06257086423005359,-2.80257784458259,622,0
623,-0.23223519442423554,-1.5738760420433202,623,0
624,-0.06032040078016442,-2.8380935097764626,624,0
625,-0.03283320328793776,-3.4326866648327385,625,0
626,-0.18837065965989855,-1.7620509506286168,626,0
627,-0.2874023255208399,-1.387134071769505,627,0
628,-0.09342229309761443,-2.416972795891411,628,0
629,-0.16543889591920308,-1.8807326513989415,629,0
630,-0.08108377769747291,-2.552540329324304,630,0
631,-0.01605995342744025,-4.139445700360532,631,0
632,-0.09400650880667485,-2.41102632034739,632,0
633,-0.12444631398643131,-2.14545882241089,633,0
634,-0.8207202935495304,-0.5800230316187468,634,1
635,-0.672950659009984,-0.713760024295496,635,0
636,-0.787651248944284,-0.6068080598298601,636,1
637,-1.4099563132119954,-0.2799175600767363,637,1
638,-0.12203987035123906,-2.1638069215785687,638,0
639,-1.3641793694820952,-0.29516377092792684,639,1
640,-0.22176651043988557,-1.6149651170475259,640,0
641,-0.37102905127380775,-1.171260065746411,641,0
642,-0.47852237299556194,-0.9667906534565813,642,0
643,-1.296524799243706,-0.3194900149419726,643,1
644,-0.16816562496039567,-1.8657106925137479,644,0
645,-0.6403872756556158,-0.7488464957667407,645,0
646,-0.22656885072932134,-1.5958528496086122,646,0
647,-1.4099563132119954,-0.2799175600767363,647,1
648,-0.656950271159435,-0.730703672922812,648,0
649,-0.5856823726052434,-0.8135668238555855,649,0
650,-0.39452042342590515,-1.120867707165358,650,0
651,-0.3153668489972389,-1.3075615610432767,651,0
652,-0.8794207906383779,-0.536183137524718,652,1
653,-0.25695236218695955,-1.4845912440236204,653,0
654,-0.5535758700218241,-0.8554082542252345,654,0
655,-0.19968162086950816,-1.709211074039449,655,0
656,-0.12554770846244118,-2.1371866265505544,656,0
657,-0.4094510228356494,-1.0906878074469695,657,0
658,-0.3474465028788432,-1.2258429148977321,658,0
659,-0.4094510228356494,-1.0906878074469695,659,0
660,-0.0948850615905953,-2.402156424516667,660,0
661,-0.028378676299224137,-3.5762730325220526,661,0
662,-0.14963519901692346,-1.9734397815626448,662,0
663,-0.3521114755176353,-1.2147025892365042,663,0
664,-0.13955754540843468,-2.0382456424127193,664,0
665,-1.2319488332966393,-0.3449207288558237,665,1
666,-0.5765494578944947,-0.8251566608715125,666,0
667,-0.5678556177116509,-0.8364159827962656,667,0
668,-0.795201149010865,-0.600550513437865,668,1
669,-0.8721737348631166,-0.541356738889496,669,1
670,-0.07771603264664591,-2.5933000739414256,670,0
671,-0.019755303592983393,-3.9341946778460604,671,0
672,-0.36454667803108987,-1.185842871970045,672,0
673,-0.6409401763791313,-0.7482306150591603,673,0
674,-0.19912616481553574,-1.7117281545101184,674,0
675,-0.12525757693283432,-2.139358192766097,675,0
676,-0.109211623872719,-2.2685766711545425,676,0
677,-0.3320636716054998,-1.263870168275833,677,0
678,-0.021387578893153496,-3.8556196810171346,678,0
679,-0.0574510073330301,-2.8854107224475922,679,0
680,-0.11646702397177715,-2.207815487621005,680,0
681,-0.7328805502074615,-0.6549324048597118,681,1
682,-0.09924162843296327,-2.3594081882796556,682,0
683,-0.10917131878114614,-2.268926008361981,683,0
684,-0.5478532010420887,-0.863199677643151,684,0
685,-0.21183588771017672,-1.6559922927587165,685,0
686,-0.3721510070692462,-1.1687670410120643,686,0
687,-0.8591472202729008,-0.5508200099376724,687,1
688,-0.31923529868370787,-1.297201785405394,688,0
689,-0.23145522804838972,-1.5768652864178294,689,0
690,-0.11525950459122335,-2.217645413338109,690,0
691,-0.8655619377960314,-0.5461333607465488,691,1
692,-0.1076140779516411,-2.282528356458578,692,0
693,-0.06848840244202359,-2.7151396201043765,693,0
694,-0.046747606718223186,-3.0862749669876517,694,0
695,-0.1751926776842226,-1.82818670807254,695,0
696,-0.055360225875153504,-2.921446305656352,696,0
697,-0.02420179838403836,-3.7334048292081823,697,0
698,-0.31529731307527564,-1.3077491337889213,698,0
699,-0.3696601047683131,-1.1743141619134576,699,0
700,-0.26553849359858916,-1.4558284891959348,700,0
701,-0.07974033843643043,-2.5685849376451,701,0
702,-0.06409887569991789,-2.7792067042922084,702,0
703,-0.1836534949307994,-1.785126260178233,703,0
704,-0.10027133427333765,-2.349592196108308,704,0
705,-0.04705495182542348,-3.0798743930592978,705,0
706,-0.21873909573200215,-1.6272523288997969,706,0
707,-0.01966588345785599,-3.9386867760380344,707,0
708,-0.11991980326228295,-2.1802928408857047,708,0
709,-0.03994888547320346,-3.2400624524286377,709,0
710,-0.005957668696324692,-5.126053388201624,710,0
711,-0.29225438374340956,-1.372701540936558,711,0
712,-0.0891214399301858,-2.46198514463418,712,0
713,-0.10095807025004794,-2.3431043767370987,713,0
714,-0.24325627157240398,-1.5328035590476283,714,0
715,-0.21062103416878636,-1.6611576226653633,715,0
716,-0.08919823621633279,-2.461161639480801,716,0
717,-0.5741635274636018,-0.8282243453072082,717,0
718,-0.019895522683837718,-3.927191831731533,718,0
719,-0.08016532969564946,-2.5634790648196133,719,0
720,-0.05648605237885965,-2.9018716168253684,720,0
721,-0.22080029331046577,-1.6188662420905526,721,0
722,-0.19575038482966617,-1.7271940879002057,722,0
723,-0.31998620728240323,-1.2952078254883777,723,0
724,-0.02537644291354103,-3.6865953694225038,724,0
725,-0.26131801987298003,-1.469832477621034,725,0
726,-0.05795649106062395,-2.8769009970646175,726,0
727,-0.05999113481241444,-2.8434040970289867,727,0
728,-0.10979495784826597,-2.2635359127052426,728,0
729,-0.16727171984311942,-1.8706060293261781,729,0
730,-0.2596448008102371,-1.4754557335777503,730,0
731,-0.36514958039757384,-1.1844735577922334,731,0
732,-0.3280541945673297,-1.2741234207444923,732,0
733,-0.3530514539908053,-1.2124790262261786,733,0
734,-0.14818761647873052,-1.9824551226837401,734,0
735,-0.2690338615327027,-1.4444209749118018,735,0
736,-0.05072278449268359,-3.006634265564886,736,0
737,-0.04319413917370498,-3.1635697921040857,737,0
738,-0.612467191206524,-0.7809122326031871,738,0
739,-0.008131943792991791,-4.816018511614178,739,0
740,-0.04415690112469847,-3.142003262168096,740,0
741,-0.05874138291678287,-2.863837733145242,741,0
742,-0.25732831327568073,-1.483309125819251,742,0
743,-0.3432865636545793,-1.2359275769489633,743,0
744,-0.48950116746344136,-0.9491550674971183,744,0
745,-0.26642167520898774,-1.452930044041873,745,0
746,-0.5900025918870595,-0.8081671948389102,746,0
747,-0.03698545378443845,-3.315666315316484,747,0
748,-0.40864396491982397,-1.0922847307615269,748,0
749,-0.12948209737411556,-2.1082552306439584,749,0
750,-0.27146561531247654,-1.4365839200108503,750,0
751,-0.6754702852422331,-0.7111421800317259,751,0
752,-0.09706533043996757,-2.3805111435996116,752,0
753,-0.04406548267441539,-3.1440303444969007,753,0
754,-0.16839265549662955,-1.864471894777267,754,0
755,-0.2995026932751757,-1.3516484278224234,755,0
756,-0.018649627200089874,-3.991239443980688,756,0
757,-0.37850262576378635,-1.154821348932912,757,0
758,-0.01157546853435929,-4.46464935299409,758,0
759,-0.06679165599328292,-2.7393870712068513,759,0
760,-0.09753921938419108,-2.3758739604092813,760,0
761,-0.11677352196272628,-2.205337586366202,761,0
762,-0.16140589228231414,-1.9034507039379631,762,0
763,-0.06353416620154405,-2.787776364859314,763,0
764,-0.10329481928519128,-2.3213709295870406,764,0
765,-0.11246546134179902,-2.2408148809800714,765,0
766,-0.2580248174082487,-1.4809394197140489,766,0
767,-0.1298977631658142,-2.1052534959950537,767,0
768,-0.12044421261291778,-2.1761863281347993,768,0
769,-0.15510541146186865,-1.9402008221833427,769,0
770,-0.027529462394315248,-3.6062316414384217,770,0
771,-0.29352003421402284,-1.368982222783573,771,0
772,-0.07347414385338424,-2.6473338655977123,772,0
773,-0.06247457116265636,-2.80407032929666,773,0
774,-0.06247457116265636,-2.80407032929666,774,0
775,-0.18352423287326777,-1.7857676900713764,775,0
776,-0.2634880573747919,-1.4626001873450933,776,0
777,-0.26563523727862914,-1.4555104585936265,777,0
778,-0.08214411385678777,-2.540071008656989,778,0
779,-0.24411129137728857,-1.5297049928791453,779,0
780,-0.32977338798899536,-1.2697090865668426,780,0
781,-0.13721211829198235,-2.0540489588086337,781,0
782,-1.892338542334304,-0.16336509184315437,782,1
783,-1.735706709047355,-0.19391924761898,783,1
784,-1.0006804963887035,-0.45827932540578226,784,1
785,-0.10314852725824596,-2.3227163027214535,785,0
786,-0.10883810620706041,-2.2718192946002267,786,0
787,-0.10376504074044068,-2.3170600873506744,787,0
788,-0.05942520241706077,-2.8526023252405466,788,0
789,-0.12275021495716734,-2.1583511301181346,789,0
790,-0.40916474574331907,-1.0912538238834653,790,0
791,-0.532592398248815,-0.8845039458259517,791,0
792,-0.10048689787763933,-2.347550679668248,792,0
793,-0.0950056350831663,-2.4009458320224955,793,0
794,-0.22233169041306913,-1.6126919633171917,794,0
795,-0.13399222302844602,-2.0762216613972773,795,0
796,-0.12934958906151314,-2.1092143008358573,796,0
797,-0.3253735179337223,-1.2810609511484035,797,0
798,-0.04782172562278062,-3.0640908082072658,798,0
799,-0.231445325497337,-1.5769033107558066,799,0
800,-0.028923041623198475,-3.5575433786529316,800,0
801,-0.07032938606151908,-2.6895241670161028,801,0
802,-0.3493639955738465,-1.221242460161704,802,0
803,-0.02549213723003473,-3.6821042100031813,803,0
804,-0.4299741496853573,-1.0513258568389214,804,0
805,-0.047270496366445085,-3.075411079324292,805,0
806,-0.1594323778190193,-1.9147927115391865,806,0
807,-0.4057418057934328,-1.0980591228765322,807,0
808,-0.030689053838662946,-3.499154525265078,808,0
809,-0.14151373151318833,-2.025281106733658,809,0
810,-0.5887661748926255,-0.8097071764005425,810,0
811,-0.05195209707523749,-2.9832967869510663,811,0
812,-0.07572457517170189,-2.618275905762153,812,0
813,-0.024805712115102994,-3.7090585428265013,813,0
814,-0.253629114641459,-1.4960179283293462,814,0
815,-0.7393376419937361,-0.6489964101832012,815,1
816,-0.3971222204872191,-1.1155098242777388,816,0
817,-0.21784136896288347,-1.630932326284734,817,0
818,-0.2169576354704716,-1.6345714835797052,818,0
819,-0.2293977554263438,-1.5848050585611597,819,0
820,-0.23699403246043343,-1.5558781711286789,820,0
821,-0.07634408264887868,-2.6104339556114837,821,0
822,-0.046587960678874635,-3.089616672815472,822,0
823,-0.08571922313674418,-2.499231643813689,823,0
824,-0.017149315490215845,-4.074359422922917,824,0
825,-0.05754704581488261,-2.883788018405841,825,0
826,-0.13500531311250055,-2.069184482026691,826,0
827,-0.5168926482433288,-0.907258658260572,827,0
828,-0.015997843934370204,-4.1432895781221895,828,0
829,-0.3224361222867363,-1.288740163581144,829,0
830,-0.1428352737502976,-2.0166309460677714,830,0
831,-0.0850293728619936,-2.506971973921524,831,0
832,-0.03429573405268767,-3.3898331634695675,832,0
833,-0.19510447220490082,-1.7301867747830435,833,0
834,-0.3822536310029462,-1.1467169036197844,834,0
835,-0.42671823710758566,-1.0574149288714516,835,0
836,-0.7975376822710211,-0.5986313489904688,836,1
837,-2.4022888068768196,-0.09487188620630593,837,1
838,-1.5868212899830147,-0.2288785443238841,838,1
839,-0.3077908809265029,-1.3282859355593157,839,0
840,-0.6100251736940401,-0.7838099965238935,840,0
841,-1.0650809523146056,-0.4226620556880788,841,1
842,-0.8532054811679481,-0.5552078632993567,842,1
843,-0.22109077086890544,-1.6176914346014728,843,0
844,-0.47382430687033167,-0.9744937180932887,844,0
845,-0.4234325406199039,-1.0636178385911554,845,0
846,-0.6049397986049144,-0.7898944570507007,846,0
847,-0.18817844925065172,-1.7629787642950654,847,0
848,-0.5256615151928712,-0.8944415993890109,848,0
849,-0.37241014009350937,-1.1681925176670376,849,0
850,-0.07920494942113256,-2.5750575851305073,850,0
851,-0.07391886544649927,-2.641518976640986,851,0
852,-0.434913879904637,-1.0421953168858935,852,0
853,-0.32213358732950653,-1.2895357264693093,853,0
854,-0.04588260674029422,-3.104522759526353,854,0
855,-0.07739152107912971,-2.5973242638489076,855,0
856,-0.1791536908221057,-1.807751101305994,856,0
857,-0.1548843931197479,-1.941519138523792,857,0
858,-0.013775415456894521,-4.291749565175831,858,0
859,-0.14941313288922514,-1.9748166668531624,859,0
860,-0.09429696696746043,-2.408084267864571,860,0
861,-0.5507200275167414,-0.8592833270406092,861,0
862,-0.5407768469233999,-0.8729815656908881,862,0
863,-0.10057655204922315,-2.3467029559370003,863,0
864,-0.7070601315754035,-0.6794251465686063,864,1
865,-0.34896975308546047,-1.2221858819243017,865,0
866,-0.2529822458044053,-1.4982618437230437,866,0
867,-0.0754051340675867,-2.6223455795358666,867,0
868,-0.41349974357570235,-1.082734128387368,868,0
869,-0.45215122936075125,-1.0113102932220055,869,0
870,-0.06879850996620085,-2.7107752363829922,870,0
871,-0.3973546895473537,-1.1150331706038252,871,0
872,-0.0512622350169134,-2.9963225849601924,872,0
873,-0.1990342769727676,-1.7121452959006738,873,0
874,-0.05369122893541346,-2.9512311281943004,874,0
875,-0.19295131502315968,-1.740242255423985,875,0
876,-0.08747284309491707,-2.4798445278661236,876,0
877,-0.007515060674699301,-4.894601359163589,877,0
878,-0.09897223957434048,-2.3619938835993377,878,0
879,-0.005266930790726608,-5.248939788275814,879,0
880,-0.08376340598090083,-2.5213484235808563,880,0
881,-0.49678068920743246,-0.9377350689228283,881,0
882,-0.142193998215076,-2.0208176462794842,882,0
883,-0.01669828448448035,-4.10078681455614,883,0
884,-0.04003503338133144,-3.237951107741086,884,0
885,-0.10336283226201301,-2.3207461317033244,885,0
886,-0.0530754825221669,-2.9624605488385454,886,0
887,-0.20219540690299323,-1.697915514088599,887,0
888,-0.14147103866717753,-2.0255619960019167,888,0
889,-0.5576513115410359,-0.8499231798476343,889,0
890,-0.11957108558638108,-2.1830341212373137,890,0
891,-0.00535457241662149,-5.232480517338418,891,0
892,-0.145558103150703,-1.9990763467124317,892,0
893,-0.9508806619777261,-0.4884129827551716,893,1
894,-1.3117395707013066,-0.3138222264499578,894,1
895,-0.4880744168371014,-0.9514185361763163,895,0
896,-0.49838884177998233,-0.9352408164470404,896,0
897,-0.09717396987168082,-2.3794459697620054,897,0
898,-1.3117395707013066,-0.3138222264499578,898,1
899,-1.3117395707013066,-0.3138222264499578,899,1
900,-0.24730192305288404,-1.5182493272358109,900,0
901,-0.2976024299203048,-1.357110445540178,901,0
902,-0.18464705360997102,-1.780212419042123,902,0
903,-0.05901230110358675,-2.8593704161360805,903,0
904,-0.2681253939245521,-1.4473695418149735,904,0
905,-0.3615320201886971,-1.192730536730665,905,0
906,-0.1243948051848534,-2.145847591411565,906,0
907,-0.5977471441120975,-0.7986175319704163,907,0
908,-0.2868735001240753,-1.3887240082548011,908,0
909,-0.05568507402329732,-2.9157564780214558,909,0
910,-0.3346193348207156,-1.2574102993376026,910,0
911,-0.0928991080388324,-2.4223312208786556,911,0
912,-0.03454383861173169,-3.3827482771171584,912,0
913,-0.8973558414188176,-0.5236510472383414,913,1
914,-0.01992374078856901,-3.9257885845040215,914,0
915,-0.34860625246216614,-1.22305685786399,915,0
916,-0.20300249234964127,-1.6943217740668763,916,0
917,-0.19015615511504685,-1.7534815664958578,917,0
918,-0.15372192139359975,-1.9484865673545897,918,0
919,-0.278595391931628,-1.414060568288169,919,0
920,-0.05758367400151925,-2.883169868101882,920,0
921,-0.0052829377334714205,-5.245913253049886,921,0
922,-0.0558778078400232,-2.9123967853867487,922,0
923,-0.10584478405272395,-2.2982371983985996,923,0
924,-0.10819962823444805,-2.2773894118697258,924,0
925,-0.17537528787208545,-1.8272335508464967,925,0
926,-0.1897236261332606,-1.755549333833287,926,0
927,-0.041629369658196906,-3.1996918367721663,927,0
928,-1.010966312895969,-0.45234793251186783,928,1
929,-0.017678091968111865,-4.0442551725144416,929,0
930,-0.2709800762463073,-1.4381422966172948,930,0
931,-0.6453303460184228,-0.7433657906264688,931,0
932,-0.4161401568661839,-1.0775980963311573,932,0
933,-0.26781937445645043,-1.4483653391321285,933,0
934,-0.2050844844350716,-1.6851236363549018,934,0
935,-0.2688131550825893,-1.445136265323949,935,0
936,-0.24945904129434265,-1.510598495484745,936,0
937,-0.8884054566386602,-0.5298573901923908,937,1
938,-0.6759209551523229,-0.7106753578990033,938,0
939,-0.46595520867944623,-0.9876132565668987,939,0
940,-0.3467346918211154,-1.2275583507040417,940,0
941,-0.016583176897724556,-4.1076466674618,941,0
942,-0.07073790792833934,-2.6839341385796676,942,0
943,-0.09209082860733148,-2.4306719974004785,943,0
944,-0.024593853400269334,-3.7175304534682634,944,0
945,-0.024593853400269334,-3.7175304534682634,945,0
946,-0.13620841798392172,-2.060900379052241,946,0
947,-0.03181169288861717,-3.4637850366895493,947,0
948,-0.17118154602175428,-1.84940072063197,948,0
949,-0.3554252586927502,-1.2068948242697024,949,0
950,-0.07073790792833934,-2.6839341385796676,950,0
951,-0.02371976797132736,-3.7532829281725197,951,0
952,-0.036944280486427304,-3.3167597050895075,952,0
953,-0.013340626984180842,-4.323604137275145,953,0
954,-0.28650755241650044,-1.3898262209627603,954,0
955,-0.19383575754221488,-1.736096945210411,955,0
956,-0.05857372252722397,-2.8666130159838277,956,0
957,-0.005537314287608501,-5.199013060966786,957,0
958,-0.021386930018892327,-3.855649697033289,958,0
959,-0.8780534837007035,-0.5371543351576737,959,1
960,-0.07711486366579648,-2.6007688975941674,960,0
961,-0.14825674158033728,-1.9820224703246827,961,0
962,-0.049188380081125076,-3.036591240300163,962,0
963,-0.3116139932335009,-1.3177543538344547,963,0
964,-0.4163467867915625,-1.077197848517732,964,0
965,-0.17012113762363254,-1.8550994975505135,965,0
966,-0.22443906391287957,-1.6042725806212557,966,0
967,-0.13641578973657403,-2.059480408664232,967,0
968,-0.013434134606691468,-4.3166659998181505,968,0
969,-0.6337825716748225,-0.7562596036840874,969,0
970,-0.17426830315978384,-1.833028273477791,970,0
971,-0.33187469113133616,-1.264350167590859,971,0
972,-0.21998769189341244,-1.6221618976389585,972,0
973,-0.0634220788191547,-2.7894866784940584,973,0
974,-0.48264749650488153,-0.9601050416849497,974,0
975,-0.322441791432086,-1.288725264014454,975,0
976,-0.07123114700652998,-2.677229269193011,976,0
977,-0.3243970060500237,-1.2836048020239097,977,0
978,-0.0643160201635949,-2.775932191345805,978,0
979,-0.3005671580111612,-1.3486062788430546,979,0
980,-0.4039022779629238,-1.1017452954137104,980,0
981,-0.119117076874755,-2.1866158353153833,981,0
982,-0.5052169394555769,-0.9247631856031849,982,0
983,-0.3708026644462026,-1.1717641994052093,983,0
984,-0.30131229821209055,-1.3464841443259943,984,0
985,-0.08735680021011336,-2.4811148485051038,985,0
986,-0.13536509511671982,-2.066698918837127,986,0
987,-0.2611631488607634,-1.4703512389212776,987,0
988,-0.04776287355972909,-3.0652930297964716,988,0
989,-0.005110890108354396,-5.278936057105084,989,0
990,-0.12338092716104204,-2.1535349990255614,990,0
991,-0.058728364978250805,-2.864052926887152,991,0
992,-0.07345000875451337,-2.647650483996688,992,0
993,-0.4609482065652402,-0.996106266365826,993,0
994,-0.03857904513068908,-3.274273531236138,994,0
995,-0.2653966202700489,-1.45629511555238,995,0
996,-0.10794001497429666,-2.279664217391761,996,0
997,-0.22341499385508817,-1.6083528784816583,997,0
998,-0.25970889264707425,-1.4752395802916618,998,0
999,-0.21675422716957138,-1.6354114406608258,999,0
1000,-0.14306490204743413,-2.0151366723911806,1000,0
1001,-0.29351800145876517,-1.3689881815192682,1001,0
1002,-0.2227253451044615,-1.6111124884348043,1002,0
1003,-0.0314950635484291,-3.473630659502586,1003,0
1004,-0.07253571260992164,-2.6597248903626496,1004,0
1005,-0.2050445086205298,-1.6852992737460355,1005,0
1006,-0.1193111426276662,-2.185083064636254,1006,0
1007,-0.03973941955334254,-3.2452155578194275,1007,0
1008,-0.10295104049791841,-2.324535676449144,1008,0
1009,-0.05192816516608834,-2.9837456840913834,1009,0
1010,-0.21454824036597953,-1.6445775683020227,1010,0
1011,-0.13775911619098777,-2.0503376047493753,1011,0
1012,-0.11907782749609719,-2.186926156907508,1012,0
1013,-0.029781884807871153,-3.528708948648376,1013,0
1014,-0.40698365053346197,-1.0955821042712721,1014,0
1015,-0.08545177523954169,-2.502224750337317,1015,0
1016,-0.3055270297628856,-1.3345941145439792,1016,0
1017,-0.002236516659689693,-6.103953736031475,1017,0
1018,-0.43733651834875403,-1.0377639368038452,1018,0
1019,-0.08869993783557995,-2.4665182609569807,1019,0
1020,-0.08484221349086662,-2.5090832591308527,1020,0
1021,-0.08881857411877721,-2.4652400940545753,1021,0
1022,-0.1205486231996759,-2.17537098154555,1022,0
1023,-0.22177208448173963,-1.6149426667238387,1023,0
1024,-0.1406139659169049,-2.0312202470441556,1024,0
1025,-0.1496341633517107,-1.9734461979307798,1025,0
1026,-0.4280640607648607,-1.054891123331172,1026,0
1027,-1.0398471011325416,-0.436195582657358,1027,1
1028,-2.136378373457271,-0.12565587743480616,1028,1
1029,-0.4430530121389532,-1.0274266947929025,1029,0
1030,-0.04218369512385407,-3.186739208395956,1030,0
1031,-1.3834966411823646,-0.2886163878579309,1031,1
1032,-1.1991133587909448,-0.3587648141064992,1032,1
1033,-0.1841244687935829,-1.7827933466575472,1033,0
1034,-0.3699810498930024,-1.1735969257907413,1034,0
1035,-1.013459121748513,-0.450924837664151,1035,1
1036,-0.42153357376859174,-1.0672297978043959,1036,0
1037,-0.7195750544130274,-0.6673997939766101,1037,1
1038,-0.08160147346207898,-2.5464312621472662,1038,0
1039,-0.5707140462791068,-0.8326892215651264,1039,0
1040,-0.1112808092713726,-2.2508229411051555,1040,0
1041,-0.32880790030495355,-1.2721848137301388,1041,0
1042,-0.032084851691619135,-3.455370803125038,1042,0
1043,-0.23088045433137347,-1.5790753547583907,1043,0
1044,-0.3543213584270566,-1.209486142072091,1044,0
1045,-0.08383385328112307,-2.5205424816354896,1045,0
1046,-0.6885470878645298,-0.6977685319377376,1046,0
1047,-0.15088992867507056,-1.9657011443068244,1047,0
1048,-0.19249052268032377,-1.7424102386670912,1048,0
1049,-0.09344699235551951,-2.416720605265373,1049,0
1050,-0.3830239690804008,-1.1450643430667298,1050,0
1051,-0.0819484538465201,-2.5423592690403156,1051,0
1052,-0.13074227335273314,-2.099186279784876,1052,0
1053,-0.1939456386381555,-1.7355833947477297,1053,0
1054,-0.12738202684391342,-2.1235796363277686,1054,0
1055,-0.19425452895869594,-1.7341414492515907,1055,0
1056,-1.0627588789816282,-0.42388567678822836,1056,1
1057,-0.22174846366201437,-1.6150378075788276,1057,0
1058,-0.26284770684671993,-1.4647272800662163,1058,0
1059,-0.19310532143612985,-1.7395189392011774,1059,0
1060,-0.24964442086246935,-1.5099444838215266,1060,0
1061,-0.24623347526431605,-1.5220668310248944,1061,0
1062,-0.09266495990569379,-2.4247395948477872,1062,0
1063,-0.25414101621318935,-1.4942467868235858,1063,0
1064,-0.774171345200203,-0.618198725572016,1064,1
1065,-0.20540180314639508,-1.6837308094995853,1065,0
1066,-0.1832272907951833,-1.7872430638185437,1066,0
1067,-0.6321169054533615,-0.7581456411091476,1067,0
1068,-0.08885640697233828,-2.464832864578886,1068,0
1069,-0.71686863510242,-0.6699754190823896,1069,1
1070,-0.08928839172324751,-2.4601958253410103,1070,0
1071,-1.4243537907368367,-0.2753108225510363,1071,1
1072,-0.5379235671201106,-0.8769727810372137,1072,0
1073,-0.29226456898092473,-1.372671535864634,1073,0
1074,-0.1958886085271986,-1.7265550725753094,1074,0
1075,-0.2886745740823427,-1.3833227529330214,1075,0
1076,-0.18387566838092176,-1.784024935099145,1076,0
1077,-0.4297747467537772,-1.0516971398502117,1077,0
1078,-0.3996332017126861,-1.110379137428994,1078,0
1079,-0.4375854037247422,-1.037310403521773,1079,0
1080,-0.26264079450973843,-1.4654158538710886,1080,0
1081,-0.7110565330139829,-0.6755529378735072,1081,1
1082,-0.19643184500009966,-1.724048463856633,1082,0
1083,-0.07999620082543864,-2.5655076084093014,1083,0
1084,-0.5808361053008748,-0.8196869078777124,1084,0
1085,-0.4891132528371457,-0.9497696483026465,1085,0
1086,-0.10790986816876294,-2.2799287462902833,1086,0
1087,-0.18855154354683698,-1.7611787591026056,1087,0
1088,-0.32168990212664905,-1.2907040479925216,1088,0
1089,-0.07706629735156555,-2.601374916679297,1089,0
1090,-0.1433904981857952,-2.013022308295357,1090,0
1091,-0.07052864065923828,-2.686793468048052,1091,0
1092,-0.8847992299145374,-0.5323847646669593,1092,1
1093,-0.1032625702011004,-2.3216673355694466,1093,0
1094,-0.00922385008944687,-4.6905711284474725,1094,0
1095,-0.12333047015203775,-2.1539193257841474,1095,0
1096,-0.0518315526988005,-2.9855600306435224,1096,0
1097,-0.06323080079982772,-2.7924125591464652,1097,0
1098,-0.17796896277124144,-1.8138112335616654,1098,0
1099,-0.48551572492619405,-0.9554987905263592,1099,0
1100,-0.23087512496035778,-1.579095875600305,1100,0
1101,-0.15625279584511287,-1.933389412926031,1101,0
1102,-0.010255777903116176,-4.585037540765242,1102,0
1103,-0.4404561790321536,-1.0321020344124165,1103,0
1104,-0.18817844925065172,-1.7629787642950654,1104,0
1105,-0.48520884768646577,-0.9559899799720615,1105,0
1106,-0.008306885042410313,-4.7948211522038875,1106,0
1107,-0.0640881667976276,-2.779368489480941,1107,0
1108,-0.11164814783859815,-2.247707629819443,1108,0
1109,-0.9826698179723526,-0.46890091416375207,1109,1
1110,-0.03413650375426738,-3.3944076740773714,1110,0
1111,-0.13300795950162725,-2.0831132651794655,1111,0
1112,-0.5606368070176917,-0.8459381212254559,1112,0
1113,-0.15285843704734556,-1.9536988710665644,1113,0
1114,-0.09787056903272776,-2.3726456034164505,1114,0
1115,-0.18484552785748204,-1.7792342951076527,1115,0
1116,-0.19500343502100873,-1.7306558935534764,1116,0
1117,-0.2752513040415038,-1.4245416050881734,1117,0
1118,-0.04409477783369696,-3.1433802956803807,1118,0
1119,-0.33521248127427855,-1.2559193174580336,1119,0
1120,-0.07909858223009249,-2.5763489417697554,1120,0
1121,-0.11203597141383406,-2.2444303238629106,1121,0
1122,-0.44438819568416166,-1.0250360111821109,1122,0
1123,-0.7396795769599829,-0.648684113946108,1123,1
1124,-0.11545414147300684,-2.2160536013552155,1124,0
1125,-0.21216352257603277,-1.6546048763773253,1125,0
1126,-0.6895019683321214,-0.6968057289880566,1126,0
1127,-0.24499217872162934,-1.5265254495999407,1127,0
1128,-0.1392942257052872,-2.0400056414225523,1128,0
1129,-0.10098885473168626,-2.3428146330313244,1129,0
1130,-0.27188189138044266,-1.4352503804700243,1130,0
1131,-0.1571811862714349,-1.9279174777926271,1131,0
1132,-0.2597034570082396,-1.475257909935384,1132,0
1133,-0.32698706632029584,-1.2768771347223136,1133,0
1134,-0.34693089918776204,-1.227085083090948,1134,0
1135,-0.23652922663206752,-1.557618111530189,1135,0
1136,-1.692367253196939,-0.20344293432573138,1136,1
1137,-0.40467382343826247,-1.1001967388830731,1137,0
1138,-0.3400820782095781,-1.2437949666448909,1138,0
1139,-0.4047609545952309,-1.100022084938473,1139,0
1140,-1.2606570657808203,-0.33333196415124733,1140,1
1141,-0.5178267030528673,-0.9058801671065931,1141,0
1142,-0.45017978794420177,-1.0147681131678088,1142,0
1143,-0.9576701185909227,-0.4841610073209336,1143,1
1144,-0.5572662819365659,-0.8504391467329588,1144,0
1145,-0.5674536022574057,-0.8369420952369797,1145,0
1146,-0.14579388928024456,-1.9975728126539252,1146,0
1147,-0.1104652685000638,-2.257778364942083,1147,0
1148,-0.46400843546654724,-0.990901812884675,1148,0
1149,-0.5955547271169175,-0.801304234007439,1149,0
1150,-0.1166319250303514,-2.20648147780572,1150,0
1151,-0.06836259620869216,-2.716916021809656,1151,0
1152,-0.704642483234485,-0.6817825195260291,1152,1
1153,-0.016938515056718326,-4.086622555426406,1153,0
1154,-0.2639393805370284,-1.4611045283575308,1154,0
1155,-0.8909062804140728,-0.5281137934989226,1155,1
1156,-0.1234359494516597,-2.1531160892827583,1156,0
1157,-0.43347268983864645,-1.0448459442323212,1157,0
1158,-1.7876437730384542,-0.18314673261757689,1158,1
1159,-1.7678948049282324,-0.1871636014390323,1159,1
1160,-0.1734372425899655,-1.8374050413191447,1160,0
1161,-2.8382774496539946,-0.060308965101719146,1161,1
1162,-0.5152136878347403,-0.9097445292157823,1162,0
1163,-0.8486967102538246,-0.5585679331778812,1163,1
1164,-1.3448692478363817,-0.3018807668084035,1164,1
1165,-0.6075234719029182,-0.7867946961973915,1165,0
1166,-0.7383375141675725,-0.6499110215520811,1166,1
1167,-0.6821653140334624,-0.7042509888663142,1167,0
1168,-0.5872957840507174,-0.8115441563304027,1168,0
1169,-0.8166967319439397,-0.5831972752491981,1169,1
1170,-1.5710039803541622,-0.2329873603877636,1170,1
1171,-0.4632640903235065,-0.9921637475907037,1171,0
1172,-0.4721502074238997,-0.97726183062512,1172,0
1173,-0.20094401188152705,-1.7035190919454621,1173,0
1174,-0.33931923250677276,-1.245680739201179,1174,0
1175,-0.5927133334115839,-0.8048058182067839,1175,0
1176,-0.23646119014722297,-1.5578731194257573,1176,0
1177,-0.12098841770559084,-2.171944817761448,1177,0
1178,-0.33199137666590367,-1.2640537552578095,1178,0
1179,-0.24434603918163025,-1.528856413379171,1179,0
1180,-0.16013370806879704,-1.910744769373474,1180,0
1181,-0.30285181825516794,-1.3421188332931584,1181,0
1182,-0.05653932296329705,-2.900955370664348,1182,0
1183,-0.17409679437317127,-1.8339296570479406,1183,0
1184,-0.7420109580874895,-0.6465602483924541,1184,1
1185,-0.21403570205904493,-1.6467222216232749,1185,0
1186,-0.44847937418401645,-1.017765703319366,1186,0
1187,-0.9425279894978932,-0.4937089196818084,1187,1
1188,-0.4888453587060304,-0.9501944381637764,1188,0
1189,-0.08199206556373462,-2.54184873383959,1189,0
1190,-0.05695869827079214,-2.8937730394335626,1190,0
1191,-0.7168194228225143,-0.6700223791706081,1191,1
1192,-0.2978823662059027,-1.3563032818645244,1192,0
1193,-0.17919220417775747,-1.8075548325156505,1193,0
1194,-0.14164347286177423,-2.0244280561966668,1194,0
1195,-1.316548557114816,-0.31205522885134845,1195,1
1196,-0.4349877556492554,-1.0420597369683637,1196,0
1197,-0.12755955691463497,-2.122273804065086,1197,0
1198,-0.06581460290679461,-2.7536403628182256,1198,0
1199,-0.915839634598291,-0.5111264683722186,1199,1
1200,-0.02788236183739607,-3.5936697706549166,1200,0
1201,-0.2935323318435163,-1.3689461750304346,1201,0
1202,-0.2720803482266686,-1.4346154449472015,1202,0
1203,-0.7074570230669268,-0.679039224084627,1203,1
1204,-0.08326685535937692,-2.5270492578219033,1204,0
1205,-0.14979685672370044,-1.9724388319740767,1205,0
1206,-0.38907614158867637,-1.132218716287002,1206,0
1207,-0.6432512527563216,-0.7456640589864969,1207,0
1208,-0.0539976550653563,-2.9456919991128223,1208,0
1209,-0.02054020505979547,-3.895623614518623,1209,0
1210,-0.10910605520815661,-2.2694919575625514,1210,0
1211,-0.03690387526040155,-3.317833905449996,1211,0
1212,-0.05188784125712721,-2.984502530734531,1212,0
1213,-0.027591971038016725,-3.6039947171837983,1213,0
1214,-0.08993299056505172,-2.453319955620303,1214,0
1215,-0.13330166759815462,-2.0810510962243396,1215,0
1216,-1.1407038010409405,-0.3850656178615605,1216,1
1217,-0.14523700796356706,-2.0011280838570658,1217,0
1218,-0.1489644466920527,-1.9776054083114556,1218,0
1219,-1.6313218355114854,-0.2177465893380791,1219,1
1220,-0.017641484899666576,-4.046309828861199,1220,0
1221,-0.4803999505150321,-0.963738688410908,1221,0
1222,-0.1522619279790564,-1.9573181940383928,1222,0
1223,-0.09358219415910196,-2.4153413695169412,1223,0
1224,-0.21286396981243028,-1.6516466927062445,1224,0
1225,-0.051326333060893264,-2.9951047460666924,1225,0
1226,-0.2702497481559273,-1.4404923564757706,1226,0
1227,-0.1699463474408934,-1.8560425515505277,1227,0
1228,-0.4007887354000521,-1.1080311552596713,1228,0
1229,-1.354691800131822,-0.2984421631871152,1229,1
1230,-0.12876159641530835,-2.1134827533470135,1230,0
1231,-1.5305815578895585,-0.2438690686154401,1231,1
1232,-0.20497763132693825,-1.6855931899363608,1232,0
1233,-0.6087242759604966,-0.7853600118833145,1233,0
1234,-0.18535099936408334,-1.7767484088654655,1234,0
1235,-0.4614366243234821,-0.9952727376371119,1235,0
1236,-0.22314403662492197,-1.6094359711936068,1236,0
1237,-0.1703777360990533,-1.8537169664500717,1237,0
1238,-0.0019533673201064853,-6.239177089515682,1238,0
1239,-0.6685699654852656,-0.7183436875639623,1239,0
1240,-0.1974494720842062,-1.7193733994731415,1240,0
1241,-0.43958860420356083,-1.0336716187804156,1241,0
1242,-0.16982481486997872,-1.8566988839843797,1242,0
1243,-0.7264931599486373,-0.6608773662318052,1243,1
1244,-0.7997133934208823,-0.596851601350177,1244,1
1245,-0.08125387150058477,-2.5505286692351894,1245,0
1246,-1.3345281047718365,-0.305550618763049,1246,1
1247,-0.14009050054313874,-2.0346942938857544,1247,0
1248,-0.00232214470512113,-6.066424926145657,1248,0
1249,-0.03492499282260813,-3.3719642531455865,1249,0
1250,-0.18895941715889114,-1.7592154261174953,1250,0
1251,-1.8522692387328645,-0.17064688635813782,1251,1
1252,-0.3213686733497386,-1.2915510913020904,1252,0
1253,-0.04585966495339989,-3.1050115119122257,1253,0
1254,-1.19046879501938,-0.3625186711259302,1254,1
1255,-0.8251364473402915,-0.5765652224331489,1255,1
1256,-0.3967758423715502,-1.1162206641537908,1256,0
1257,-0.4670525656812678,-0.985767128006608,1257,0
1258,-0.026417931597272647,-3.6468921587356666,1258,0
1259,-0.5152720682190636,-0.9096579172227581,1259,0
1260,-1.5614436677002046,-0.23551086653635497,1260,1
1261,-0.707427275813294,-0.6790681387334052,1261,1
1262,-0.0807213489876667,-2.556841383031576,1262,0
1263,-0.09425833033258514,-2.4084750706042906,1263,0
1264,-0.9285610225230757,-0.5027282841573795,1264,1
1265,-0.07041155809505695,-2.68839706490892,1265,0
1266,-0.6199981207947578,-0.7720723180389519,1266,0
1267,-0.2631552441599841,-1.4637049792804402,1267,0
1268,-0.4296745067900523,-1.0518838640802755,1268,0
1269,-0.6570611412654501,-0.7305843304126746,1269,0
1270,-0.12468455326540424,-2.1436629057576693,1270,0
1271,-0.2364230537902741,-1.558016094536159,1271,0
1272,-0.1823020049467844,-1.7918572341984382,1272,0
1273,-1.5064012643971592,-0.2506514568005203,1273,1
1274,-0.1857501949010785,-1.774790426078844,1274,0
1275,-0.3848141510687659,-1.1412393769532034,1275,0
1276,-0.27317532353533813,-1.4311217073933584,1276,0
1277,-0.08719144727312339,-2.4829280137899605,1277,0
1278,-0.1348287236108626,-2.0704070471915887,1278,0
1279,-0.21897889468878182,-1.6262721803770521,1279,0
1280,-0.0699480000311543,-2.694773314566142,1280,0
1281,-0.19707881883835826,-1.721073131665446,1281,0
1282,-0.36573364244688633,-1.1831496049249675,1282,0
1283,-0.05574804911091202,-2.914657397148624,1283,0
1284,-0.24209645501971996,-1.5370263647267803,1284,0
1285,-0.030223982837228446,-3.514193465736479,1285,0
1286,-0.0398571208741518,-3.2423165678206085,1286,0
1287,-1.2319637711196445,-0.3449145763601283,1287,1
1288,-2.162658116359982,-0.12218908110357166,1288,1
1289,-0.18689924937319183,-1.7691801567960912,1289,0
1290,-0.6680766381082585,-0.7188624534900888,1290,0
1291,-0.041783526811475735,-3.1960721327143626,1291,0
1292,-1.138043894870455,-0.38631745071954465,1292,1
1293,-0.7690426397302085,-0.6226077339457592,1293,1
1294,-0.44410994249184127,-1.0255334970454912,1294,0
1295,-0.45524642056052117,-1.005919110734095,1295,0
1296,-0.10157208278853844,-2.337342765311379,1296,0
1297,-0.051044746555295506,-3.000466457875049,1297,0
1298,-0.5177620129964845,-0.9059755349065115,1298,0
1299,-0.3423888902086032,-1.238122700476799,1299,0
1300,-0.438313598631846,-1.0359852719573546,1300,0
1301,-1.2940186369944873,-0.32043502815135694,1301,1
1302,-0.06660038916245703,-2.742160242425096,1302,0
1303,-0.6941323087936413,-0.6921630218488605,1303,1
1304,-0.16503493037521447,-1.8829809955550934,1304,0
1305,-0.25327814452963243,-1.4972345992398675,1305,0
1306,-0.7897661666216326,-0.605046438690432,1306,1
1307,-3.09585819007291,-0.04629127229169219,1307,1
1308,-0.02304259240220012,-3.7819101049487562,1308,0
1309,-0.483183265409904,-0.9592420016828318,1309,0
1310,-0.13435188884875454,-2.073716841126618,1310,0
1311,-0.21117276084878261,-1.658807698528573,1311,0
1312,-0.17292116197094876,-1.8401344854529997,1312,0
1313,-0.13383178108344582,-2.0773413452093967,1313,0
1314,-0.20660537544809615,-1.6784694497550554,1314,0
1315,-2.2280539495626925,-0.11399534385729514,1315,1
1316,-0.0433546783829106,-3.159939682983333,1316,0
1317,-0.2579426615953201,-1.481218559546843,1317,0
1318,-0.013636125845556455,-4.301843011099934,1318,0
1319,-1.7923304431474603,-0.1822074011209981,1319,1
1320,-0.02656294440779809,-3.6414901745837205,1320,0
1321,-0.11637353969256084,-2.208572641906819,1321,0
1322,-2.033342223755367,-0.14029398023037049,1322,1
1323,-0.3796709262070325,-1.1522867962476706,1323,0
1324,-0.4467332795233117,-1.0208585353708017,1324,0
1325,-0.24285397928995958,-1.5342657018592054,1325,0
1326,-0.362608244297199,-1.1902638260295166,1326,0
1327,-0.321509131676413,-1.2911805971079524,1327,0
1328,-0.6281068472588215,-0.7627138601774008,1328,0
1329,-1.448539424157916,-0.2677659171086216,1329,1
1330,-0.39958764052081813,-1.110471884060979,1330,0
1331,-0.0617256330253252,-2.815760057541454,1331,0
1332,-0.2404690258524755,-1.5429902715750958,1332,0
1333,-0.9944169543595024,-0.4619387548140602,1333,1
1334,-1.243268719561929,-0.3402953202173948,1334,1
1335,-0.19148830628725033,-1.7471453319110672,1335,0
1336,-0.3206599810770783,-1.2934233374998283,1336,0
1337,-3.5700827910263664,-0.02855743218644373,1337,1
1338,-0.48940100633729305,-0.9493136957519529,1338,0
1339,-0.4519812379214006,-1.0116077119027125,1339,0
1340,-0.044266332030299345,-3.1395824113683286,1340,0
1341,-0.059383580179309975,-2.853282379458728,1341,0
1342,-0.33903559643865444,-1.2463831697187153,1342,0
1343,-0.904361917340486,-0.5188579611839985,1343,1
1344,-1.103202546437022,-0.40317785654493715,1344,1
1345,-0.12390090753896463,-2.1495840580620147,1345,0
1346,-0.47350399659651266,-0.9750223984617776,1346,0
1347,-0.06974992169002003,-2.6975112395853795,1347,0
1348,-0.9136926836592781,-0.5125614134221088,1348,1
1349,-0.23362550273869861,-1.5685754430311944,1349,0
1350,-0.19104880825289225,-1.749230390795257,1350,0
1351,-0.18951730535933514,-1.7565375041092304,1351,0
1352,-0.21035257736491322,-1.6623035090252412,1352,0
1353,-0.7246387371562205,-0.66261713951202,1353,1
1354,-0.7211558530543192,-0.6659016672540867,1354,1
1355,-0.811838548905602,-0.587060592332603,1355,1
1356,-0.16248482069347076,-1.897313290088886,1356,0
1357,-0.60395008600612,-0.7910865432217578,1357,0
1358,-0.60395008600612,-0.7910865432217578,1358,0
1359,-0.20933591618646552,-1.6666577902889408,1359,0
1360,-0.2908426719709146,-1.3768720604945208,1360,0
1361,-0.22502415139321907,-1.6019506804063046,1361,0
1362,-1.9676258972569736,-0.15057679728051246,1362,1
1363,-0.2062977187274098,-1.679811123647356,1363,0
1364,-0.09256980907974559,-2.4257201076489148,1364,0
1365,-0.3492128282372152,-1.2216040542405955,1365,0
1366,-0.4477956403894526,-1.0189750087626097,1366,0
1367,-0.16025636976766136,-1.9100387611704046,1367,0
1368,-0.40266050347471827,-1.1042452062343386,1368,0
1369,-0.5902417361390582,-0.8078698289644145,1369,0
1370,-0.01860884656330636,-3.9934081842598403,1370,0
1371,-0.19969183255730544,-1.7091648715272711,1371,0
1372,-0.19773386582391927,-1.7180716160633542,1372,0
1373,-1.3288730224353953,-0.30757936961744403,1373,1
1374,-0.17859801768437297,-1.8105880195689676,1374,0
1375,-0.16701734660038126,-1.8720042603760785,1375,0
1376,-0.5916314508897405,-0.8061449286629735,1376,0
1377,-0.14461069173265886,-2.0051441857548435,1377,0
1378,-0.17850768910929735,-1.8110500912578777,1378,0
1379,-0.0941563708721203,-2.4095071790443807,1379,0
1380,-0.41868470528270774,-1.072686091756321,1380,0
1381,-0.2177475167835757,-1.6313180231392617,1381,0
1382,-0.03831112445713151,-3.2811093762190526,1382,0
1383,-0.9273367609638034,-0.5035288132102224,1383,1
1384,-0.5608808494527474,-0.8456135973357535,1384,0
1385,-0.25048257194769774,-1.5069943554424192,1385,0
1386,-0.2409287039072786,-1.5413011344652208,1386,0
1387,-0.06944854614475515,-2.701692462467264,1387,0
1388,-0.03752440273213059,-3.3014673501425786,1388,0
1389,-0.16248186434819273,-1.8973300466875023,1389,0
1390,-0.12019427787661886,-2.1781411300716633,1390,0
1391,-0.8750915600438794,-0.5392660002232169,1391,1
1392,-0.07987908272900211,-2.566914947951363,1392,0
1393,-0.3719653802815652,-1.1691788884174734,1393,0
1394,-0.04553367375483932,-3.111983594453702,1394,0
1395,-0.06933124521867962,-2.703324951840397,1395,0
1396,-0.09912027901479284,-2.360572031859916,1396,0
1397,-0.16900046923327552,-1.8611642569908935,1397,0
1398,-1.099633684282039,-0.4049548012533693,1398,1
1399,-0.0359006555106721,-3.3448963502587663,1399,0
1400,-0.041928120510693306,-3.1926893559482545,1400,0
1401,-0.7124031587841455,-0.6742550007670186,1401,1
1402,-0.10132590299587761,-2.339648393614661,1402,0
1403,-0.5593982543779531,-0.8475879787602821,1403,0
1404,-0.05001800198018268,-3.0202770602238935,1404,0
1405,-0.7730669507775622,-0.6191445953989846,1405,1
1406,-0.19771862945301388,-1.7181413066745679,1406,0
1407,-0.25582335211550655,-1.488454365714425,1407,0
1408,-0.13618324473086915,-2.061072909349214,1408,0
1409,-0.23628662774402584,-1.5585277747081623,1409,0
1410,-1.2214358881566192,-0.34928312179044785,1410,1
1411,-0.15229523483837715,-1.957115701765713,1411,0
1412,-0.08353689788287481,-2.523944552544966,1412,0
1413,-0.2918346420834473,-1.3739391234744645,1413,0
1414,-0.07402708560321263,-2.6401094505853573,1414,0
1415,-0.20079070265371457,-1.7042082380264887,1415,0
1416,-0.7562342402158807,-0.6338050119366623,1416,1
1417,-0.15775333106309897,-1.9245626207879905,1417,0
1418,-0.07533699413378683,-2.6232159971681535,1418,0
1419,-0.6358689661039313,-0.7539065952270297,1419,0
1420,-0.5962930805484192,-0.8003979526630965,1420,0
1421,-0.6009885127152242,-0.7946692875933882,1421,0
1422,-0.43623776979351075,-1.0397699545566372,1422,0
1423,-0.18152923023454393,-1.7957305461926703,1423,0
1424,-0.04886291970865274,-3.0430684374423254,1424,0
1425,-0.010122483697723965,-4.598053193049243,1425,0
1426,-0.024337179309658268,-3.727893995850413,1426,0
1427,-0.15372547959745192,-1.9484651541441498,1427,0
1428,-0.46450651747724997,-0.9900587955237137,1428,0
1429,-0.5796543139601075,-0.8211895490716814,1429,0
1430,-0.03403259168172417,-3.3974046718876885,1430,0
1431,-1.584305439639716,-0.2295266187837991,1431,1
1432,-0.46840879595604984,-0.9834929737556274,1432,0
1433,-0.8756238994655171,-0.5388856853910772,1433,1
1434,-2.6747514492212776,-0.071414326597115,1434,1
1435,-2.6747514492212776,-0.071414326597115,1435,1
1436,-0.10591429990108052,-2.297614787056856,1436,0
1437,-0.051937252534744086,-2.983575204920575,1437,0
1438,-0.14302146828090614,-2.015419114011075,1438,0
1439,-0.05468123602536807,-2.933450698892997,1439,0
1440,-0.8161143994819934,-0.5836585823084606,1440,1
1441,-0.3947460081778017,-1.120401468671124,1441,0
1442,-1.4573651724829448,-0.26507160533207597,1442,1
1443,-0.17101514433776294,-1.8502924412296824,1443,0
1444,-0.04253398559089202,-3.1786434747495207,1444,0
1445,-0.06325485860821473,-2.792044057533062,1445,0
1446,-1.0432151676818264,-0.4343586719807433,1446,1
1447,-0.03797278032319933,-3.289811993592241,1447,0
1448,-0.1138101947357911,-2.22958863388905,1448,0
1449,-0.160215532307757,-1.9102737457974808,1449,0
1450,-0.14235221240709384,-2.019782832412244,1450,0
1451,-0.024819583773493838,-3.7085063940118466,1451,0
1452,-0.918509894127114,-0.5093489134842935,1452,1
1453,-0.14992467568371512,-1.9716482276453382,1453,0
1454,-0.047299238566033956,-3.074817485188988,1454,0
1455,-0.06714092504177523,-2.7343441499716525,1455,0
1456,-1.1279727804895163,-0.3911019242132163,1456,1
1457,-0.08011212092175292,-2.5641167740852135,1457,0
1458,-0.0872330465429122,-2.4824715222687135,1458,0
1459,-0.12293087355467669,-2.156968934614767,1459,0
1460,-0.9890386956030554,-0.4651101197330499,1460,1
1461,-0.09439614602186797,-2.4070818569305583,1461,0
1462,-0.14113401354335628,-2.0277825834183245,1462,0
1463,-0.4034614296985357,-1.102631730039669,1463,0
1464,-0.048492236489404573,-3.0504997073580142,1464,0
1465,-0.0905576633696612,-2.4467056264734226,1465,0
1466,-1.3433374305088082,-0.30242113881558214,1466,1
1467,-0.10934619848642954,-2.2674112546812695,1467,0
1468,-0.10744386730213046,-2.2840277046449238,1468,0
1469,-0.5908175624083796,-0.8071544671200599,1469,0
1470,-1.6391517148130546,-0.21585103459413513,1470,1
1471,-0.5803077217559486,-0.8203582461135112,1471,0
1472,-1.1008130848305282,-0.40436652367999537,1472,1
1473,-0.10466869425587862,-2.3088331182055657,1473,0
1474,-0.19330155418521058,-1.7385982186627684,1474,0
1475,-0.18817844925065172,-1.7629787642950654,1475,0
1476,-0.37131272262027415,-1.1706288864849723,1476,0
1477,-0.14855817072159083,-1.980138366078915,1477,0
1478,-0.22489398242130126,-1.6024666681369741,1478,0
1479,-0.04829695389283231,-3.0544380740591452,1479,0
1480,-0.1272782778118983,-2.124343665753615,1480,0
1481,-0.5214458521133088,-0.9005689205260474,1481,0
1482,-0.2914058047021546,-1.3752056455307198,1482,0
1483,-0.5050562961884247,-0.9250076170666868,1483,0
1484,-0.3773916371157481,-1.1572402994928963,1484,0
1485,-0.18817844925065172,-1.7629787642950654,1485,0
1486,-0.34997169244549753,-1.219790710370969,1486,0
1487,-0.12818444242017096,-2.1176927752972308,1487,0
1488,-1.1405150801209218,-0.3851542744027819,1488,1
1489,-0.041714481230622866,-3.1976916763303094,1489,0
1490,-0.4017942455908148,-1.1059946884181755,1490,0
1491,-0.3993258562400014,-1.1110050339010893,1491,0
1492,-0.47692226408909494,-0.9694035157425961,1492,0
1493,-0.06215089505189873,-2.809104565117068,1493,0
1494,-0.009485782516625527,-4.6627003206547215,1494,0
1495,-0.4991488298908057,-0.9340656240674968,1495,0
1496,-0.08865934961127518,-2.4669559617003176,1496,0
1497,-1.2136905683199861,-0.35253892374439344,1497,1
1498,-0.2430695757423248,-1.5334817713974818,1498,0
1499,-0.26653601326725596,-1.4525556070811423,1499,0
1500,-0.18817844925065172,-1.7629787642950654,1500,0
1501,-0.24208926833697098,-1.5370526018760298,1501,0
1502,-0.49738922926432727,-0.9367900165934965,1502,0
1503,-0.15317246941855298,-1.9517995919028126,1503,0
1504,-0.5858508310151407,-0.8133552903619257,1504,0
1505,-0.1380977383543592,-2.048047966605665,1505,0
1506,-0.04043197139906655,-3.2282823080012624,1506,0
1507,-0.25480818331139354,-1.4919444926438012,1507,0
1508,-0.08144900861851419,-2.548226221045514,1508,0
1509,-0.13300414675693986,-2.083140067003149,1509,0
1510,-0.1439916833191005,-2.0091318264749205,1510,0
1511,-0.38665636352037885,-1.1373255565535791,1511,0
1512,-0.18378351616950378,-1.7844815613979603,1512,0
1513,-0.2595311343933761,-1.475839228929054,1513,0
1514,-0.23652122774098983,-1.5576480879416967,1514,0
1515,-0.21588664629030846,-1.639003911400108,1515,0
1516,-0.336459418463297,-1.2527950146090114,1516,0
1517,-0.28191499058217584,-1.403797888484511,1517,0
1518,-0.040595171769694675,-3.224335062870608,1518,0
1519,-0.18449414853587656,-1.780966753811516,1519,0
1520,-0.9296780752766336,-0.5019992699039647,1520,1
1521,-0.5656192861401053,-0.8393488533313119,1521,0
1522,-0.7241250479561021,-0.6631001774420888,1522,1
1523,-0.06475296948397094,-2.769377503416405,1523,0
1524,-0.647299516908049,-0.7411982792999705,1524,0
1525,-0.03384240142321661,-3.4029142627137077,1525,0
1526,-0.2228078041212086,-1.610782029604589,1526,0
1527,-0.4516272872348887,-1.0122274338462676,1527,0
1528,-0.27202189287241735,-1.4348024098835714,1528,0
1529,-0.21067522565586527,-1.660926507124118,1529,0
1530,-0.6062478922719575,-0.7883228705045109,1530,0
1531,-0.13414340044564116,-2.0751679424498053,1531,0
1532,-0.30050199781063514,-1.3487921425213625,1532,0
1533,-0.41293044696834136,-1.08384675284954,1533,0
1534,-0.08232834077522941,-2.5379216427352946,1534,0
1535,-0.8590058185608892,-0.550923906966412,1535,1
1536,-0.15676681502380074,-1.930355456390293,1536,0
1537,-0.02979227927700033,-3.528365161119443,1537,0
1538,-0.16323386301835469,-1.893078321329101,1538,0
1539,-0.6631729885574434,-0.7240476609877842,1539,0
1540,-0.025704413004610203,-3.6739172663654003,1540,0
1541,-0.4070837209894831,-1.095382901488659,1541,0
1542,-0.05300191220812817,-2.9638111954138995,1542,0
1543,-0.07558439882136621,-2.6200595509092492,1543,0
1544,-0.10545350907703807,-2.301748541142019,1544,0
1545,-0.057542670791254295,-2.883861879927503,1545,0
1546,-0.13832280042793704,-2.0465295025428816,1546,0
1547,-0.5719745549993746,-0.8310535680390632,1547,0
1548,-0.24255368706162186,-1.5353589019287541,1548,0
1549,-0.25119758458178904,-1.504486457269739,1549,0
1550,-1.1892236892818255,-0.3630631997337327,1550,1
1551,-0.09451261771850186,-2.405906076004545,1551,0
1552,-0.812337391259768,-0.5866623488328692,1552,1
1553,-0.08883667253105958,-2.465045261739054,1553,0
1554,-0.6401187680523546,-0.749145848437925,1554,0
1555,-0.13217001575105783,-2.089023429467568,1555,0
1556,-0.6354302717984852,-0.7544004822265936,1556,0
1557,-0.12920308223775945,-2.1102759095902472,1557,0
1558,-0.22288483560853387,-1.6104734451149247,1558,0
1559,-0.14082032868970873,-2.0298545014190212,1559,0
1560,-0.30409776869628136,-1.3386047271956931,1560,0
1561,-0.012672009986725283,-4.3746889699923,1561,0
1562,-0.16266954852505436,-1.8962669053145333,1562,0
1563,-0.21840687030700398,-1.6286122377537264,1563,0
1564,-0.22429225500383956,-1.6048562475799606,1564,0
1565,-0.02532029738972618,-3.6887823721353734,1565,0
1566,-0.035038481872545796,-3.3687764269001703,1566,0
1567,-0.09488896730257798,-2.4021171847816136,1567,0
1568,-0.11678513420553109,-2.2052438420213445,1568,0
1569,-0.12333048193508811,-2.153919236014143,1569,0
1570,-0.37895481826798033,-1.153839232841624,1570,0
1571,-0.4667554692119455,-0.986266409295983,1571,0
1572,-0.1616216493816466,-1.902219836205924,1572,0
1573,-0.3519271511543513,-1.2151394431066254,1573,0
1574,-0.2696077121077004,-1.4425643031983477,1574,0
1575,-0.08373187796106261,-2.5217093441505685,1575,0
1576,-0.014273328903404676,-4.256490770655612,1576,0
1577,-0.10679700647021748,-2.289748697192274,1577,0
1578,-0.12361656145655751,-2.151742401762015,1578,0
1579,-0.6016834082709501,-0.7938265349455227,1579,0
1580,-1.0591469658560504,-0.4257976326073279,1580,1
1581,-0.39830485899491974,-1.1130884545592346,1581,0
1582,-0.27553103746746044,-1.423659292546908,1582,0
1583,-0.08396821524614557,-2.519007289006567,1583,0
1584,-0.24656081534592436,-1.5208952803738711,1584,0
1585,-0.18340185551607185,-1.786375412262435,1585,0
1586,-0.4101812065713406,-1.0892462965620793,1586,0
1587,-0.13696777828940482,-2.0557119132502626,1587,0
1588,-0.5033512658899666,-0.9276080729887328,1588,0
1589,-0.8579479463224218,-0.5517020037693924,1589,1
1590,-0.4113822952426241,-1.0868819290234537,1590,0
1591,-0.18817844925065172,-1.7629787642950654,1591,0
1592,-0.005192842728394551,-5.263069297683898,1592,0
1593,-0.10944924076985775,-2.266519931335772,1593,0
1594,-0.03865657905725631,-3.2723043235388896,1594,0
1595,-0.23799056503652413,-1.5521606646751078,1595,0
1596,-0.3027111790332537,-1.3425165476644316,1596,0
1597,-0.18056375380454803,-1.800595133148385,1597,0
1598,-0.47319045841178053,-0.9755403363285989,1598,0
1599,-0.2565679484183051,-1.485904424224015,1599,0
1600,-1.012832373679627,-0.45128211144956176,1600,1
1601,-0.7815901809749439,-0.6118946979934331,1601,1
1602,-0.07551983838126258,-2.620882192459966,1602,0
1603,-0.10429836529304341,-2.3121955577426347,1603,0
1604,-0.14695460873803787,-1.9902091711875103,1604,0
1605,-0.14677853189204768,-1.9913221770050338,1605,0
1606,-0.1700076827380596,-1.8557115061602247,1606,0
1607,-0.07073790792833934,-2.6839341385796676,1607,0
1608,-0.06433825222444997,-2.7755975788364133,1608,0
1609,-1.0712620012453258,-0.4194259790460824,1609,1
1610,-0.007734422204251714,-4.865939215165516,1610,0
1611,-0.401015692473652,-1.10757095592517,1611,0
1612,-0.23256366220671226,-1.5726205440729286,1612,0
1613,-0.6808283102801003,-0.705619700158085,1613,0
1614,-0.01288983154807716,-4.3577545234959825,1614,0
1615,-0.1893071995280813,-1.7575450172431677,1615,0
1616,-1.0195126551142242,-0.44749207378578776,1616,1
1617,-0.05755397862711957,-2.8836709867422843,1617,0
1618,-0.138439829921038,-2.0457409651136866,1618,0
1619,-0.7716392419981739,-0.620370250228502,1619,1
1620,-0.20555405098977705,-1.6830633832522919,1620,0
1621,-0.126144676893583,-2.1327352077917667,1621,0
1622,-0.7199924381896533,-0.6670037900318879,1622,1
1623,-2.5901980889444265,-0.07796714247625448,1623,1
1624,-0.24904589595185933,-1.5120580333939566,1624,0
1625,-0.06769891257693195,-2.7263436608716223,1625,0
1626,-0.20228835083697627,-1.6975008524957838,1626,0
1627,-0.11823412476820618,-2.193623171100383,1627,0
1628,-1.4111784377340857,-0.2795231074499759,1628,1
1629,-0.11467424742255851,-2.222449060669232,1629,0
1630,-0.5746421594151029,-0.8276076068375432,1630,0
1631,-0.8259254371995856,-0.5759503097358275,1631,1
1632,-0.43752046506954617,-1.037428707769755,1632,0
1633,-0.2510699621918411,-1.5049334990339305,1633,0
1634,-0.6360172672340263,-0.7537397402689945,1634,0
1635,-0.2742440530449886,-1.4277271110477538,1635,0
1636,-0.7648374199111451,-0.6262544162471069,1636,1
1637,-0.20442779408651066,-1.6880136739278668,1637,0
1638,-0.6288252422600143,-0.761892586228779,1638,0
1639,-0.2911083641289254,-1.3760853647990985,1639,0
1640,-0.004493066470056139,-5.407465546950099,1640,0
1641,-0.1440492216326745,-2.0087603904286593,1641,0
1642,-1.1991158518749916,-0.35876373819287044,1642,1
1643,-2.59071698546406,-0.07792507844278987,1643,1
1644,-0.1864479100963257,-1.7713793047960433,1644,0
1645,-0.7365987421899496,-0.6515052966598911,1645,1
1646,-0.10137684686632131,-2.3391707892722327,1646,0
1647,-0.003220412756267499,-5.73985551671532,1647,0
1648,-0.07565269964919333,-2.6191900424148153,1648,0
1649,-0.7021325518279595,-0.6842418277269815,1649,1
1650,-0.03908916280805956,-3.2613909335469855,1650,0
1651,-0.38632609186555866,-1.1380255702016218,1651,0
1652,-0.12158453424495594,-2.1673218960509564,1652,0
1653,-0.21863382544754795,-1.6276829860808588,1653,0
1654,-0.2533997113193932,-1.496812960590158,1654,0
1655,-0.10507455042652392,-2.3051624666792323,1655,0
1656,-0.056544217528601344,-2.9008712294090255,1656,0
1657,-0.5134234046409822,-0.9124066702733924,1657,0
1658,-0.054106320936106546,-2.943735446477532,1658,0
1659,-0.4938810739310756,-0.942258376104329,1659,0
1660,-0.0898805826259875,-2.4538770584277008,1660,0
1661,-0.8000025203721816,-0.5966156226551175,1661,1
1662,-0.03681709594135631,-3.3201450475619554,1662,0
1663,-0.6112536227191718,-0.7823503516508089,1663,0
1664,-0.32841601269406534,-1.2731921367085812,1664,0
1665,-0.03593038868740452,-3.3440832635624798,1665,0
1666,-0.06929984169067353,-2.7037624832119445,1666,0
1667,-0.46726749345660634,-0.9854061818975097,1667,0
1668,-0.8149219915371656,-0.5846046777761222,1668,1
1669,-0.1851990872415979,-1.7774947245746102,1669,0
1670,-0.03690127573171605,-3.317903056694779,1670,0
1671,-0.08865169116280734,-2.4670385733873665,1671,0
1672,-2.1876948181143834,-0.11898066652558155,1672,1
1673,-1.0007217804687887,-0.4582553256622841,1673,1
1674,-0.22987244764299222,-1.5829661692925776,1674,0
1675,-0.07547456023436819,-2.6214595710440154,1675,0
1676,-0.4332099148232865,-1.0453304091787083,1676,0
1677,-0.41102797158319226,-1.0875785461034826,1677,0
